{"type":"FeatureCollection","name":"north_wildwood_road_centerlines","metadata":{"source":"NJOGIS NG911 Road Centerlines (Tran_road)","url":"https://services2.arcgis.com/XVOqAjTOJ5P6ngMu/arcgis/rest/services/Tran_road/FeatureServer/0","query_url":"https://services2.arcgis.com/XVOqAjTOJ5P6ngMu/arcgis/rest/services/Tran_road/FeatureServer/0/query","retrieved_at_utc":"2026-09-04T20:05:49.482565+00:00","source_last_edit_date":1785341586960,"out_sr":4326,"query_envelope_wgs84":[-74.8190324,38.9875662,-74.7806391,39.0263239],"spatial_relationship":"esriSpatialRelIntersects","boundary_file":"north_wildwood_boundary.geojson","boundary_sha256":"35e87485c745da6a44640a97c7f44c593fb2028bb8f94c1e819dc137ff4d3f9f","fields":["OBJECTID","PRIMENAME","ELEVTYP_F","ELEVTYP_T"],"feature_count":820,"complete_objectid_inventory_verified":true,"municipal_clipping":"Envelope selection only; clip against the actual municipal boundary in the application."},"features":[{"type":"Feature","id":1322,"properties":{"OBJECTID":1322,"PRIMENAME":"Virginia Avenue","ELEVTYP_F":0,"ELEVTYP_T":0},"geometry":{"type":"LineString","coordinates":[[-74.7970781013737,39.0142996184715],[-74.7977267897278,39.0137594527253]]}},{"type":"Feature","id":1968,"properties":{"OBJECTID":1968,"PRIMENAME":"West 1st Avenue","ELEVTYP_F":0,"ELEVTYP_T":0},"geometry":{"type":"LineString","coordinates":[[-74.7967576070654,39.0099965377129],[-74.7956993706186,39.009213450022],[-74.7953009257737,39.0089215882099]]}},{"type":"Feature","id":2147,"properties":{"OBJECTID":2147,"PRIMENAME":"Anglesea Drive","ELEVTYP_F":0,"ELEVTYP_T":0},"geometry":{"type":"LineString","coordinates":[[-74.7945416584997,39.0131549703433],[-74.7945537543102,39.0133729859997],[-74.794573233579,39.0138009025165],[-74.7945808188444,39.0140087975525]]}},{"type":"Feature","id":2160,"properties":{"OBJECTID":2160,"PRIMENAME":"West Cherry Avenue","ELEVTYP_F":0,"ELEVTYP_T":0},"geometry":{"type":"LineString","coordinates":[[-74.7951859167515,39.0158675841962],[-74.7951903202543,39.0158657434061],[-74.7952674085726,39.015808380611],[-74.7954072847924,39.0156918037757]]}},{"type":"Feature","id":2769,"properties":{"OBJECTID":2769,"PRIMENAME":"Illinois Avenue","ELEVTYP_F":0,"ELEVTYP_T":0},"geometry":{"type":"LineString","coordinates":[[-74.7986372748906,39.019860469023],[-74.7984673857468,39.0199982507067],[-74.7981499375393,39.0202606298275],[-74.7978955134306,39.0204691937459]]}},{"type":"Feature","id":3034,"properties":{"OBJECTID":3034,"PRIMENAME":"West 12th Avenue","ELEVTYP_F":0,"ELEVTYP_T":0},"geometry":{"type":"LineString","coordinates":[[-74.8041771772122,39.0042531100798],[-74.8044316011526,39.0044178880256]]}},{"type":"Feature","id":3245,"properties":{"OBJECTID":3245,"PRIMENAME":"New Jersey Avenue","ELEVTYP_F":0,"ELEVTYP_T":0},"geometry":{"type":"LineString","coordinates":[[-74.7983988359384,39.0040723907315],[-74.7978197145951,39.004554995796],[-74.7977451881094,39.0046158140433]]}},{"type":"Feature","id":3611,"properties":{"OBJECTID":3611,"PRIMENAME":"Delaware Avenue","ELEVTYP_F":0,"ELEVTYP_T":0},"geometry":{"type":"LineString","coordinates":[[-74.8097829120583,38.9991996166923],[-74.8096272362207,38.9993286722406],[-74.8091321250265,38.9997398011187]]}},{"type":"Feature","id":4571,"properties":{"OBJECTID":4571,"PRIMENAME":"Ocean Avenue","ELEVTYP_F":0,"ELEVTYP_T":0},"geometry":{"type":"LineString","coordinates":[[-74.7890029249809,39.0022573503322],[-74.7890671097644,39.0022048007503],[-74.7896511255714,39.0017214312704]]}},{"type":"Feature","id":4666,"properties":{"OBJECTID":4666,"PRIMENAME":"West 7th Avenue","ELEVTYP_F":0,"ELEVTYP_T":0},"geometry":{"type":"LineString","coordinates":[[-74.799207282951,39.0056851724985],[-74.7995207180314,39.0059141673535],[-74.8001407061663,39.0063749450599],[-74.8002765720446,39.0064802818763],[-74.8002935698476,39.0064886954189],[-74.8003104828233,39.0064934300573],[-74.8003298442524,39.0064947801581],[-74.8003373155335,39.00649420149]]}},{"type":"Feature","id":5280,"properties":{"OBJECTID":5280,"PRIMENAME":"West Schellenger Avenue","ELEVTYP_F":0,"ELEVTYP_T":0},"geometry":{"type":"LineString","coordinates":[[-74.8182238809499,38.9923292777644],[-74.8181001332613,38.9922268104185],[-74.8176184140315,38.9918099047624]]}},{"type":"Feature","id":5472,"properties":{"OBJECTID":5472,"PRIMENAME":"FR RT 147 WB to N WILDWOOD BLVD","ELEVTYP_F":0,"ELEVTYP_T":0},"geometry":{"type":"LineString","coordinates":[[-74.8062669274739,39.0252463387412],[-74.8069383743141,39.0256236896154],[-74.8070604242848,39.0256981919473],[-74.8071344677089,39.0257584329397],[-74.8071826846514,39.0258129754989],[-74.807204961465,39.0258457189068],[-74.8072198122979,39.0258675472432],[-74.807245936345,39.0259336798512],[-74.8072566838995,39.0259686057659],[-74.8072609969306,39.0260055530388],[-74.8072501953967,39.0260718108263],[-74.8072495334842,39.0260733782623]]}},{"type":"Feature","id":5760,"properties":{"OBJECTID":5760,"PRIMENAME":"East 21st Avenue","ELEVTYP_F":0,"ELEVTYP_T":0},"geometry":{"type":"LineString","coordinates":[[-74.8053016577298,38.9959131576665],[-74.8053603257301,38.995956662687],[-74.8054138401248,38.9959963371832]]}},{"type":"Feature","id":5948,"properties":{"OBJECTID":5948,"PRIMENAME":"New York Avenue","ELEVTYP_F":0,"ELEVTYP_T":0},"geometry":{"type":"LineString","coordinates":[[-74.8119515379727,38.9951087755007],[-74.8123478463068,38.9947728877178],[-74.8124961540585,38.9946441779098]]}},{"type":"Feature","id":6285,"properties":{"OBJECTID":6285,"PRIMENAME":"Walnut Avenue","ELEVTYP_F":0,"ELEVTYP_T":0},"geometry":{"type":"LineString","coordinates":[[-74.7939362784993,39.0100733959326],[-74.7938678906334,39.0099554274343],[-74.7938444709966,39.0099150287325],[-74.7938035292509,39.0098611756442],[-74.7936729539535,39.0097662518075],[-74.7925318758565,39.0089324090827]]}},{"type":"Feature","id":6720,"properties":{"OBJECTID":6720,"PRIMENAME":"West 1st Avenue","ELEVTYP_F":0,"ELEVTYP_T":0},"geometry":{"type":"LineString","coordinates":[[-74.7942472727659,39.0081498714602],[-74.7940052193869,39.0079725786015],[-74.7938417070782,39.0078519822758]]}},{"type":"Feature","id":7188,"properties":{"OBJECTID":7188,"PRIMENAME":"West Poplar Avenue","ELEVTYP_F":0,"ELEVTYP_T":0},"geometry":{"type":"LineString","coordinates":[[-74.8140945618559,38.9957810007271],[-74.8134190501674,38.995296200553],[-74.8124961540585,38.9946441779098]]}},{"type":"Feature","id":8419,"properties":{"OBJECTID":8419,"PRIMENAME":"East Walnut Avenue","ELEVTYP_F":0,"ELEVTYP_T":0},"geometry":{"type":"LineString","coordinates":[[-74.7910874164032,39.0078731924457],[-74.7920076459803,39.0085417547207],[-74.7925318758565,39.0089324090827]]}},{"type":"Feature","id":8718,"properties":{"OBJECTID":8718,"PRIMENAME":"Park Boulevard","ELEVTYP_F":0,"ELEVTYP_T":0},"geometry":{"type":"LineString","coordinates":[[-74.8146453563862,38.9953072057485],[-74.8142904527144,38.9956152287655],[-74.8140945618559,38.9957810007271]]}},{"type":"Feature","id":8794,"properties":{"OBJECTID":8794,"PRIMENAME":"West Wildwood Avenue","ELEVTYP_F":0,"ELEVTYP_T":0},"geometry":{"type":"LineString","coordinates":[[-74.8158491811835,38.9926036416016],[-74.8162084224191,38.9928588994839],[-74.8164075454706,38.9930003844568],[-74.8169172176638,38.9933654338586]]}},{"type":"Feature","id":9550,"properties":{"OBJECTID":9550,"PRIMENAME":"East Wildwood Avenue","ELEVTYP_F":0,"ELEVTYP_T":0},"geometry":{"type":"LineString","coordinates":[[-74.8127447185522,38.9904005322706],[-74.8130350876319,38.9906067352867],[-74.8141704216733,38.9914113725098],[-74.8144239861346,38.9915913929116]]}},{"type":"Feature","id":9975,"properties":{"OBJECTID":9975,"PRIMENAME":"Beach Creek Bridge","ELEVTYP_F":0,"ELEVTYP_T":0},"geometry":{"type":"LineString","coordinates":[[-74.7991192000977,39.0200397450256],[-74.7991254402555,39.0200588128405],[-74.7991971066867,39.0202595135948],[-74.7993076122761,39.0205053107902],[-74.7993619392059,39.0206220525421]]}},{"type":"Feature","id":10067,"properties":{"OBJECTID":10067,"PRIMENAME":"Beach Drive","ELEVTYP_F":0,"ELEVTYP_T":0},"geometry":{"type":"LineString","coordinates":[[-74.7917179671863,38.9981470514598],[-74.7911765308344,38.9985945474842],[-74.7910643440563,38.9986873073282]]}},{"type":"Feature","id":10259,"properties":{"OBJECTID":10259,"PRIMENAME":"Central Avenue","ELEVTYP_F":0,"ELEVTYP_T":0},"geometry":{"type":"LineString","coordinates":[[-74.8084266898729,38.9934976898022],[-74.808024246042,38.9938330589532]]}},{"type":"Feature","id":10268,"properties":{"OBJECTID":10268,"PRIMENAME":"Seabreeze Court","ELEVTYP_F":0,"ELEVTYP_T":0},"geometry":{"type":"LineString","coordinates":[[-74.7950426515262,39.0200838491747],[-74.7950565993665,39.0203388905789],[-74.7950856008844,39.0204778919707],[-74.795128599274,39.0205938896197],[-74.7951545998294,39.0206498906525]]}},{"type":"Feature","id":10710,"properties":{"OBJECTID":10710,"PRIMENAME":"Maryland Avenue","ELEVTYP_F":0,"ELEVTYP_T":0},"geometry":{"type":"LineString","coordinates":[[-74.808949973076,39.0021719947249],[-74.8090889999898,39.0020567413108]]}},{"type":"Feature","id":11153,"properties":{"OBJECTID":11153,"PRIMENAME":"Central Avenue","ELEVTYP_F":0,"ELEVTYP_T":0},"geometry":{"type":"LineString","coordinates":[[-74.7975993391676,39.0024701516602],[-74.7969527864949,39.0030086104401]]}},{"type":"Feature","id":12309,"properties":{"OBJECTID":12309,"PRIMENAME":"Delaware Avenue","ELEVTYP_F":0,"ELEVTYP_T":0},"geometry":{"type":"LineString","coordinates":[[-74.8032696316362,39.0045990858116],[-74.8030715036193,39.0047637746722],[-74.802765238302,39.0050210849351]]}},{"type":"Feature","id":12451,"properties":{"OBJECTID":12451,"PRIMENAME":"New York Avenue","ELEVTYP_F":0,"ELEVTYP_T":0},"geometry":{"type":"LineString","coordinates":[[-74.7985597963278,39.0062230099006],[-74.7985651269692,39.006218584738],[-74.79898862731,39.0058670405501],[-74.799207282951,39.0056851724985]]}},{"type":"Feature","id":13387,"properties":{"OBJECTID":13387,"PRIMENAME":"Maple Avenue","ELEVTYP_F":0,"ELEVTYP_T":0},"geometry":{"type":"LineString","coordinates":[[-74.8180339991003,38.9959954334734],[-74.818217518432,38.9961252781025]]}},{"type":"Feature","id":13414,"properties":{"OBJECTID":13414,"PRIMENAME":"Weeks Avenue","ELEVTYP_F":0,"ELEVTYP_T":0},"geometry":{"type":"LineString","coordinates":[[-74.7938518635839,39.0111912172443],[-74.7936671481659,39.0113156012312],[-74.793364371326,39.0115718076065]]}},{"type":"Feature","id":15821,"properties":{"OBJECTID":15821,"PRIMENAME":"West 26th Avenue","ELEVTYP_F":0,"ELEVTYP_T":0},"geometry":{"type":"LineString","coordinates":[[-74.8166237867417,38.9991043698081],[-74.816477849834,38.9989970189541]]}},{"type":"Feature","id":15971,"properties":{"OBJECTID":15971,"PRIMENAME":"West Garfield Avenue","ELEVTYP_F":0,"ELEVTYP_T":0},"geometry":{"type":"LineString","coordinates":[[-74.8189717091807,38.9908242461914],[-74.8195874763333,38.9913335340068]]}},{"type":"Feature","id":16769,"properties":{"OBJECTID":16769,"PRIMENAME":"Delaware Avenue","ELEVTYP_F":0,"ELEVTYP_T":0},"geometry":{"type":"LineString","coordinates":[[-74.8071758490084,39.0013633912277],[-74.8066087792262,39.0018309602926],[-74.8065267646071,39.0018992999188]]}},{"type":"Feature","id":16909,"properties":{"OBJECTID":16909,"PRIMENAME":"West Pine Avenue","ELEVTYP_F":0,"ELEVTYP_T":0},"geometry":{"type":"LineString","coordinates":[[-74.7978955134306,39.0204691937459],[-74.7978757542491,39.0204157826749],[-74.7978650821153,39.0203722065074],[-74.7978578141081,39.0203095648578],[-74.7978640073153,39.020116050653],[-74.7979237843887,39.0193802359702],[-74.7980028682659,39.0182465565193],[-74.7980408880022,39.0177111061018]]}},{"type":"Feature","id":21308,"properties":{"OBJECTID":21308,"PRIMENAME":"East Wildwood Avenue","ELEVTYP_F":0,"ELEVTYP_T":0},"geometry":{"type":"LineString","coordinates":[[-74.8094677477092,38.9880715163847],[-74.8097114024613,38.9882435007989]]}},{"type":"Feature","id":21607,"properties":{"OBJECTID":21607,"PRIMENAME":"West Pine Avenue","ELEVTYP_F":0,"ELEVTYP_T":0},"geometry":{"type":"LineString","coordinates":[[-74.8163074962344,38.9938898405907],[-74.8161130372832,38.9937507697625],[-74.815551918584,38.993347702635],[-74.8152418006354,38.9931249339237]]}},{"type":"Feature","id":24557,"properties":{"OBJECTID":24557,"PRIMENAME":"Lake Avenue","ELEVTYP_F":0,"ELEVTYP_T":0},"geometry":{"type":"LineString","coordinates":[[-74.8186122217276,38.9955153390092],[-74.8180976525536,38.9959403703559],[-74.8180339991003,38.9959954334734]]}},{"type":"Feature","id":28305,"properties":{"OBJECTID":28305,"PRIMENAME":"East 17th Avenue","ELEVTYP_F":0,"ELEVTYP_T":0},"geometry":{"type":"LineString","coordinates":[[-74.8028171181631,38.9981546058058],[-74.8034108963835,38.9985863288465],[-74.8042546906247,38.9992136420227]]}},{"type":"Feature","id":32886,"properties":{"OBJECTID":32886,"PRIMENAME":"Park Boulevard","ELEVTYP_F":0,"ELEVTYP_T":0},"geometry":{"type":"LineString","coordinates":[[-74.8182238809499,38.9923292777644],[-74.8178724607955,38.9925909528489],[-74.8177301484235,38.9926931921192],[-74.8175807255787,38.9928005404482],[-74.8175348061334,38.99283940977]]}},{"type":"Feature","id":34143,"properties":{"OBJECTID":34143,"PRIMENAME":"Beach Creek","ELEVTYP_F":0,"ELEVTYP_T":0},"geometry":{"type":"LineString","coordinates":[[-74.800975177314,39.0059744566907],[-74.8010825507897,39.0058837322009],[-74.8014073530835,39.0056219570615],[-74.8015887592371,39.0054794466487],[-74.8016033305238,39.0054632358047],[-74.8016098043129,39.0054463873621],[-74.8016088443024,39.0054356533697]]}},{"type":"Feature","id":41161,"properties":{"OBJECTID":41161,"PRIMENAME":"West 11th Avenue","ELEVTYP_F":0,"ELEVTYP_T":0},"geometry":{"type":"LineString","coordinates":[[-74.8035269480689,39.0047795323034],[-74.8032696316362,39.0045990858116]]}},{"type":"Feature","id":41886,"properties":{"OBJECTID":41886,"PRIMENAME":"Central Avenue","ELEVTYP_F":0,"ELEVTYP_T":0},"geometry":{"type":"LineString","coordinates":[[-74.7963017344664,39.0035507831755],[-74.7956553024051,39.0040890956529]]}},{"type":"Feature","id":43255,"properties":{"OBJECTID":43255,"PRIMENAME":"New Jersey Avenue","ELEVTYP_F":0,"ELEVTYP_T":0},"geometry":{"type":"LineString","coordinates":[[-74.7990457368262,39.0035333204684],[-74.7983988359384,39.0040723907315]]}},{"type":"Feature","id":44457,"properties":{"OBJECTID":44457,"PRIMENAME":"East 3rd Avenue","ELEVTYP_F":0,"ELEVTYP_T":0},"geometry":{"type":"LineString","coordinates":[[-74.7904982773081,39.003362459922],[-74.7908124256563,39.0035945511827],[-74.7921465836384,39.0045705753661]]}},{"type":"Feature","id":45464,"properties":{"OBJECTID":45464,"PRIMENAME":"Anglesea Drive","ELEVTYP_F":0,"ELEVTYP_T":0},"geometry":{"type":"LineString","coordinates":[[-74.7961158635662,39.0176207711058],[-74.7961330634268,39.0176278235228],[-74.7962038881966,39.0176379955028],[-74.7963631706303,39.0176410232469],[-74.7969118241036,39.0176637910274],[-74.7971060431591,39.0176714520446]]}},{"type":"Feature","id":45826,"properties":{"OBJECTID":45826,"PRIMENAME":"North New York Avenue","ELEVTYP_F":0,"ELEVTYP_T":0},"geometry":{"type":"LineString","coordinates":[[-74.7926813615527,39.0110888840308],[-74.7929779139897,39.0108421955219],[-74.7933435759416,39.0105421465457]]}},{"type":"Feature","id":46001,"properties":{"OBJECTID":46001,"PRIMENAME":"Pine Avenue","ELEVTYP_F":0,"ELEVTYP_T":0},"geometry":{"type":"LineString","coordinates":[[-74.7956127133586,39.0132268381982],[-74.7957862602079,39.0133528990182],[-74.7968353141609,39.0141217300011],[-74.7970781013737,39.0142996184715]]}},{"type":"Feature","id":46059,"properties":{"OBJECTID":46059,"PRIMENAME":"Surf Avenue","ELEVTYP_F":0,"ELEVTYP_T":0},"geometry":{"type":"LineString","coordinates":[[-74.7950600082726,38.9995815026528],[-74.7953872590918,38.9993093031094],[-74.7957085895491,38.9990440380747]]}},{"type":"Feature","id":46325,"properties":{"OBJECTID":46325,"PRIMENAME":"Central Avenue","ELEVTYP_F":0,"ELEVTYP_T":0},"geometry":{"type":"LineString","coordinates":[[-74.7969527864949,39.0030086104401],[-74.7963017344664,39.0035507831755]]}},{"type":"Feature","id":46713,"properties":{"OBJECTID":46713,"PRIMENAME":"Atlantic Avenue","ELEVTYP_F":0,"ELEVTYP_T":0},"geometry":{"type":"LineString","coordinates":[[-74.8045154814568,38.9943138946228],[-74.8038658189423,38.9948528112009]]}},{"type":"Feature","id":46874,"properties":{"OBJECTID":46874,"PRIMENAME":"North Delaware Avenue","ELEVTYP_F":0,"ELEVTYP_T":0},"geometry":{"type":"LineString","coordinates":[[-74.7954545411218,39.0110776932031],[-74.79480556733,39.0116149915445]]}},{"type":"Feature","id":46899,"properties":{"OBJECTID":46899,"PRIMENAME":"Ocean Avenue","ELEVTYP_F":0,"ELEVTYP_T":0},"geometry":{"type":"LineString","coordinates":[[-74.7903022241125,39.0011825627457],[-74.7904556593474,39.0010555699941],[-74.7909559781806,39.0006413497926]]}},{"type":"Feature","id":46901,"properties":{"OBJECTID":46901,"PRIMENAME":"New Jersey Avenue","ELEVTYP_F":0,"ELEVTYP_T":0},"geometry":{"type":"LineString","coordinates":[[-74.7970953597218,39.0051497774888],[-74.7964391616141,39.0056941331973]]}},{"type":"Feature","id":47044,"properties":{"OBJECTID":47044,"PRIMENAME":"East 13th Avenue","ELEVTYP_F":0,"ELEVTYP_T":0},"geometry":{"type":"LineString","coordinates":[[-74.8002078847664,39.0003124095275],[-74.8008480133278,39.000786201872],[-74.8016526959171,39.0013759342663]]}},{"type":"Feature","id":47310,"properties":{"OBJECTID":47310,"PRIMENAME":"East 15th Avenue","ELEVTYP_F":0,"ELEVTYP_T":0},"geometry":{"type":"LineString","coordinates":[[-74.7983111750538,38.9968823974882],[-74.7983983563042,38.9969461529789],[-74.7995868623528,38.9978250147488],[-74.7999550780549,38.9980937376239]]}},{"type":"Feature","id":47795,"properties":{"OBJECTID":47795,"PRIMENAME":"East 9th Avenue","ELEVTYP_F":0,"ELEVTYP_T":0},"geometry":{"type":"LineString","coordinates":[[-74.7944041666514,39.0001269716635],[-74.7951814137424,39.0007002881305],[-74.7960489736195,39.0013336685721]]}},{"type":"Feature","id":48320,"properties":{"OBJECTID":48320,"PRIMENAME":"New York Avenue","ELEVTYP_F":0,"ELEVTYP_T":0},"geometry":{"type":"LineString","coordinates":[[-74.799207282951,39.0056851724985],[-74.7998536354615,39.0051476640971]]}},{"type":"Feature","id":48366,"properties":{"OBJECTID":48366,"PRIMENAME":"2nd Avenue","ELEVTYP_F":0,"ELEVTYP_T":0},"geometry":{"type":"LineString","coordinates":[[-74.7945089539479,39.0073228803413],[-74.7946347608533,39.0074147677131]]}},{"type":"Feature","id":48413,"properties":{"OBJECTID":48413,"PRIMENAME":"West Glenwood Avenue","ELEVTYP_F":0,"ELEVTYP_T":0},"geometry":{"type":"LineString","coordinates":[[-74.8151966143546,38.994836481537],[-74.814941409087,38.9946544899673],[-74.8135979296203,38.9936996194197]]}},{"type":"Feature","id":48472,"properties":{"OBJECTID":48472,"PRIMENAME":"Ocean Avenue","ELEVTYP_F":0,"ELEVTYP_T":0},"geometry":{"type":"LineString","coordinates":[[-74.8066629572648,38.9904957273484],[-74.8063229991005,38.9907878165935],[-74.8061209359333,38.990959659738]]}},{"type":"Feature","id":48935,"properties":{"OBJECTID":48935,"PRIMENAME":"East 15th Avenue","ELEVTYP_F":0,"ELEVTYP_T":0},"geometry":{"type":"LineString","coordinates":[[-74.7968136448711,38.995782774085],[-74.7971806982655,38.9960560392383],[-74.7983111750538,38.9968823974882]]}},{"type":"Feature","id":48972,"properties":{"OBJECTID":48972,"PRIMENAME":"Allen Drive","ELEVTYP_F":0,"ELEVTYP_T":0},"geometry":{"type":"LineString","coordinates":[[-74.7969598834767,39.0189797713529],[-74.7965963462748,39.0192560746912],[-74.7961745216893,39.019609601563],[-74.7961016180503,39.0196923261235],[-74.7960653215347,39.0197749577383],[-74.796061934894,39.0199337293856],[-74.7960717849751,39.0200673442539]]}},{"type":"Feature","id":49332,"properties":{"OBJECTID":49332,"PRIMENAME":"West Glenwood Avenue","ELEVTYP_F":0,"ELEVTYP_T":0},"geometry":{"type":"LineString","coordinates":[[-74.8211355216824,38.9992323510771],[-74.8208115602887,38.9989953703976],[-74.8197398543643,38.9982051782162],[-74.8189981830339,38.9976621051925],[-74.8187794144828,38.9975040755515],[-74.818571561671,38.9973394817316]]}},{"type":"Feature","id":49351,"properties":{"OBJECTID":49351,"PRIMENAME":"West Oak Avenue","ELEVTYP_F":0,"ELEVTYP_T":0},"geometry":{"type":"LineString","coordinates":[[-74.8205032604545,38.9949677743741],[-74.8204317093504,38.9949248889063],[-74.8202220200481,38.9947815273334],[-74.8198313692979,38.9944979385808],[-74.8191529207433,38.9940232007919],[-74.8187570773104,38.9937250691455]]}},{"type":"Feature","id":49519,"properties":{"OBJECTID":49519,"PRIMENAME":"New York Avenue","ELEVTYP_F":0,"ELEVTYP_T":0},"geometry":{"type":"LineString","coordinates":[[-74.8031127556953,39.0024484071679],[-74.8032074679865,39.0023694382972],[-74.8037655502411,39.0019086908636]]}},{"type":"Feature","id":49694,"properties":{"OBJECTID":49694,"PRIMENAME":"Atlantic Avenue","ELEVTYP_F":0,"ELEVTYP_T":0},"geometry":{"type":"LineString","coordinates":[[-74.8012580113101,38.9970119536674],[-74.8006089062493,38.9975523882641]]}},{"type":"Feature","id":49943,"properties":{"OBJECTID":49943,"PRIMENAME":"East 3rd Avenue","ELEVTYP_F":0,"ELEVTYP_T":0},"geometry":{"type":"LineString","coordinates":[[-74.7890029249809,39.0022573503322],[-74.7904982773081,39.003362459922]]}},{"type":"Feature","id":49961,"properties":{"OBJECTID":49961,"PRIMENAME":"West 26th Avenue","ELEVTYP_F":0,"ELEVTYP_T":0},"geometry":{"type":"LineString","coordinates":[[-74.816477849834,38.9989970189541],[-74.816367876514,38.9989161233362],[-74.8161738489815,38.9987816621954],[-74.8155383530653,38.998341257076],[-74.8155340834037,38.9983382984777],[-74.8154038767931,38.9982480624567]]}},{"type":"Feature","id":50398,"properties":{"OBJECTID":50398,"PRIMENAME":"Anglesea Drive","ELEVTYP_F":0,"ELEVTYP_T":0},"geometry":{"type":"LineString","coordinates":[[-74.7938518635839,39.0111912172443],[-74.7943030400477,39.0119711311763],[-74.7943536385301,39.0120585960581],[-74.7943883292882,39.012123584034]]}},{"type":"Feature","id":50688,"properties":{"OBJECTID":50688,"PRIMENAME":"West Ocean Drive","ELEVTYP_F":0,"ELEVTYP_T":0},"geometry":{"type":"LineString","coordinates":[[-74.8047148119625,39.0263271504855],[-74.8043968038048,39.0265915522018],[-74.8042635818581,39.0267036359746]]}},{"type":"Feature","id":50743,"properties":{"OBJECTID":50743,"PRIMENAME":"Hudson Avenue","ELEVTYP_F":0,"ELEVTYP_T":0},"geometry":{"type":"LineString","coordinates":[[-74.8147863687647,38.9971304456081],[-74.8150437460748,38.9969115114386],[-74.8153337715607,38.9966600330667]]}},{"type":"Feature","id":50744,"properties":{"OBJECTID":50744,"PRIMENAME":"East 8th Avenue","ELEVTYP_F":0,"ELEVTYP_T":0},"geometry":{"type":"LineString","coordinates":[[-74.796844595319,39.0029293107672],[-74.7966419109622,39.002780618209],[-74.7954027944399,39.0018690144495]]}},{"type":"Feature","id":51355,"properties":{"OBJECTID":51355,"PRIMENAME":"East 3rd Avenue","ELEVTYP_F":0,"ELEVTYP_T":0},"geometry":{"type":"LineString","coordinates":[[-74.7921465836384,39.0045705753661],[-74.7923196481711,39.0046971913994],[-74.7935892929881,39.005627558832]]}},{"type":"Feature","id":51834,"properties":{"OBJECTID":51834,"PRIMENAME":"Surf Avenue","ELEVTYP_F":0,"ELEVTYP_T":0},"geometry":{"type":"LineString","coordinates":[[-74.796361762627,38.9985048834867],[-74.7970140855691,38.9979663309483]]}},{"type":"Feature","id":52016,"properties":{"OBJECTID":52016,"PRIMENAME":"Atlantic Avenue","ELEVTYP_F":0,"ELEVTYP_T":0},"geometry":{"type":"LineString","coordinates":[[-74.7967046126883,39.0007903872492],[-74.7966302324211,39.0008520557631],[-74.7960489736195,39.0013336685721]]}},{"type":"Feature","id":52184,"properties":{"OBJECTID":52184,"PRIMENAME":"East 13th Avenue","ELEVTYP_F":0,"ELEVTYP_T":0},"geometry":{"type":"LineString","coordinates":[[-74.7986552488737,38.9991700352035],[-74.7997098449416,38.9999437703978],[-74.8000968325388,39.0002302104075]]}},{"type":"Feature","id":52349,"properties":{"OBJECTID":52349,"PRIMENAME":"Delaware Avenue","ELEVTYP_F":0,"ELEVTYP_T":0},"geometry":{"type":"LineString","coordinates":[[-74.8052279881184,39.0029759690042],[-74.8045703568918,39.0035198806128]]}},{"type":"Feature","id":52426,"properties":{"OBJECTID":52426,"PRIMENAME":"Central Avenue","ELEVTYP_F":0,"ELEVTYP_T":0},"geometry":{"type":"LineString","coordinates":[[-74.7982519907138,39.0019284071423],[-74.7979804198438,39.002152777136],[-74.7975993391676,39.0024701516602]]}},{"type":"Feature","id":52806,"properties":{"OBJECTID":52806,"PRIMENAME":"East Poplar Avenue","ELEVTYP_F":0,"ELEVTYP_T":0},"geometry":{"type":"LineString","coordinates":[[-74.8066629572648,38.9904957273484],[-74.8062214914673,38.990175349367],[-74.8056025196848,38.9897555126491],[-74.8054762299739,38.9896702828422]]}},{"type":"Feature","id":52946,"properties":{"OBJECTID":52946,"PRIMENAME":"Anglesea Drive","ELEVTYP_F":0,"ELEVTYP_T":0},"geometry":{"type":"LineString","coordinates":[[-74.7989364203917,39.0177348451231],[-74.7990448473308,39.0177306683092]]}},{"type":"Feature","id":53093,"properties":{"OBJECTID":53093,"PRIMENAME":"East 5th Avenue","ELEVTYP_F":0,"ELEVTYP_T":0},"geometry":{"type":"LineString","coordinates":[[-74.794886019512,39.004553853381],[-74.7949438755736,39.0045965422379],[-74.7949980243319,39.0046364396586]]}},{"type":"Feature","id":53159,"properties":{"OBJECTID":53159,"PRIMENAME":"East 10th Avenue","ELEVTYP_F":0,"ELEVTYP_T":0},"geometry":{"type":"LineString","coordinates":[[-74.7950600082726,38.9995815026528],[-74.7943906484079,38.9990896844344],[-74.7935605003263,38.9984818430145]]}},{"type":"Feature","id":53198,"properties":{"OBJECTID":53198,"PRIMENAME":"Northwest 18th Avenue","ELEVTYP_F":0,"ELEVTYP_T":0},"geometry":{"type":"LineString","coordinates":[[-74.808949973076,39.0021719947249],[-74.8093495145622,39.0024692440323],[-74.8097027288081,39.0027230483308],[-74.8097956115884,39.0027897898637]]}},{"type":"Feature","id":54002,"properties":{"OBJECTID":54002,"PRIMENAME":"Ohio Avenue","ELEVTYP_F":0,"ELEVTYP_T":0},"geometry":{"type":"LineString","coordinates":[[-74.7972466393091,39.0164562566771],[-74.7968917767929,39.0167452527765],[-74.7966461299153,39.0169453038394]]}},{"type":"Feature","id":54284,"properties":{"OBJECTID":54284,"PRIMENAME":"Old New Jersey Avenue","ELEVTYP_F":0,"ELEVTYP_T":0},"geometry":{"type":"LineString","coordinates":[[-74.7938417070782,39.0078519822758],[-74.7935034267657,39.0081316180854],[-74.79318832407,39.0083913693959]]}},{"type":"Feature","id":54668,"properties":{"OBJECTID":54668,"PRIMENAME":"East 4th Avenue","ELEVTYP_F":0,"ELEVTYP_T":0},"geometry":{"type":"LineString","coordinates":[[-74.7911505768771,39.0028224307086],[-74.7902648641268,39.0021757416794],[-74.7896511255714,39.0017214312704]]}},{"type":"Feature","id":55615,"properties":{"OBJECTID":55615,"PRIMENAME":"East Glenwood Avenue","ELEVTYP_F":0,"ELEVTYP_T":0},"geometry":{"type":"LineString","coordinates":[[-74.8077578023837,38.9895562935769],[-74.8073975443282,38.9893016607661],[-74.8069822431071,38.989002167165]]}},{"type":"Feature","id":55683,"properties":{"OBJECTID":55683,"PRIMENAME":"East Cedar Avenue","ELEVTYP_F":0,"ELEVTYP_T":0},"geometry":{"type":"LineString","coordinates":[[-74.8139644336862,38.9893688570843],[-74.8136824439268,38.9891715550678]]}},{"type":"Feature","id":55901,"properties":{"OBJECTID":55901,"PRIMENAME":"East 24th Avenue","ELEVTYP_F":0,"ELEVTYP_T":0},"geometry":{"type":"LineString","coordinates":[[-74.8073709633895,38.9943736252599],[-74.807316427822,38.9943337615549],[-74.8072595979962,38.9942921751082]]}},{"type":"Feature","id":56068,"properties":{"OBJECTID":56068,"PRIMENAME":"Ocean Avenue","ELEVTYP_F":0,"ELEVTYP_T":0},"geometry":{"type":"LineString","coordinates":[[-74.7955143897397,38.9968629895368],[-74.7961646192108,38.996322498342]]}},{"type":"Feature","id":56812,"properties":{"OBJECTID":56812,"PRIMENAME":"East Juniper Avenue","ELEVTYP_F":0,"ELEVTYP_T":0},"geometry":{"type":"LineString","coordinates":[[-74.8074473967552,38.9919116142633],[-74.8079766750352,38.9922907371107],[-74.8093702519377,38.9932676174098]]}},{"type":"Feature","id":57049,"properties":{"OBJECTID":57049,"PRIMENAME":"New Jersey Avenue","ELEVTYP_F":0,"ELEVTYP_T":0},"geometry":{"type":"LineString","coordinates":[[-74.8010043468986,39.0019127166574],[-74.8005829455858,39.0022615630619],[-74.8003511480712,39.0024532698967]]}},{"type":"Feature","id":57586,"properties":{"OBJECTID":57586,"PRIMENAME":"Atlantic Avenue","ELEVTYP_F":0,"ELEVTYP_T":0},"geometry":{"type":"LineString","coordinates":[[-74.7980038590647,38.9997121636406],[-74.7979406692019,38.9997647426348],[-74.797356660355,39.0002492797351]]}},{"type":"Feature","id":57882,"properties":{"OBJECTID":57882,"PRIMENAME":"Beach Drive","ELEVTYP_F":0,"ELEVTYP_T":0},"geometry":{"type":"LineString","coordinates":[[-74.7881485043542,39.0006170148588],[-74.7879427738881,39.0007873525663],[-74.7875029237408,39.0011570658917]]}},{"type":"Feature","id":58104,"properties":{"OBJECTID":58104,"PRIMENAME":"New Jersey Avenue","ELEVTYP_F":0,"ELEVTYP_T":0},"geometry":{"type":"LineString","coordinates":[[-74.8173358369025,38.9894603723868],[-74.8170441977512,38.989673198888],[-74.816668427217,38.9899482540889]]}},{"type":"Feature","id":58803,"properties":{"OBJECTID":58803,"PRIMENAME":"East 25th Avenue","ELEVTYP_F":0,"ELEVTYP_T":0},"geometry":{"type":"LineString","coordinates":[[-74.803506505839,38.9905056550744],[-74.8048281946777,38.9914874173761]]}},{"type":"Feature","id":58814,"properties":{"OBJECTID":58814,"PRIMENAME":"Central Avenue","ELEVTYP_F":0,"ELEVTYP_T":0},"geometry":{"type":"LineString","coordinates":[[-74.7937053202662,39.005712580252],[-74.7930503420566,39.006253179745]]}},{"type":"Feature","id":58983,"properties":{"OBJECTID":58983,"PRIMENAME":"Virginia Avenue","ELEVTYP_F":0,"ELEVTYP_T":0},"geometry":{"type":"LineString","coordinates":[[-74.7954072847924,39.0156918037757],[-74.7954075195456,39.0156916076945],[-74.7957757874927,39.0153846738617]]}},{"type":"Feature","id":59089,"properties":{"OBJECTID":59089,"PRIMENAME":"East 17th Avenue","ELEVTYP_F":0,"ELEVTYP_T":0},"geometry":{"type":"LineString","coordinates":[[-74.7971425353501,38.9939816012363],[-74.798115759635,38.994705667214]]}},{"type":"Feature","id":59284,"properties":{"OBJECTID":59284,"PRIMENAME":"East 11th Avenue","ELEVTYP_F":0,"ELEVTYP_T":0},"geometry":{"type":"LineString","coordinates":[[-74.7957085895491,38.9990440380747],[-74.7954743322768,38.9988731540484],[-74.7942115758961,38.9979430894421]]}},{"type":"Feature","id":59696,"properties":{"OBJECTID":59696,"PRIMENAME":"East 11th Avenue","ELEVTYP_F":0,"ELEVTYP_T":0},"geometry":{"type":"LineString","coordinates":[[-74.7987949097735,39.0013110170963],[-74.7986033793915,39.001170481875],[-74.797356660355,39.0002492797351]]}},{"type":"Feature","id":59708,"properties":{"OBJECTID":59708,"PRIMENAME":"East 24th Avenue","ELEVTYP_F":0,"ELEVTYP_T":0},"geometry":{"type":"LineString","coordinates":[[-74.8088201152859,38.9954354302555],[-74.808439231037,38.9951547431249],[-74.8073709633895,38.9943736252599]]}},{"type":"Feature","id":60107,"properties":{"OBJECTID":60107,"PRIMENAME":"Atlantic Avenue","ELEVTYP_F":0,"ELEVTYP_T":0},"geometry":{"type":"LineString","coordinates":[[-74.8133902722311,38.9872232080348],[-74.8131879512957,38.9873704615626],[-74.812813001522,38.9876487976194],[-74.8127244146153,38.9877134522978]]}},{"type":"Feature","id":60411,"properties":{"OBJECTID":60411,"PRIMENAME":"East 11th Avenue","ELEVTYP_F":0,"ELEVTYP_T":0},"geometry":{"type":"LineString","coordinates":[[-74.7989030999428,39.0013904239899],[-74.798849798668,39.0013512955251],[-74.7987949097735,39.0013110170963]]}},{"type":"Feature","id":61693,"properties":{"OBJECTID":61693,"PRIMENAME":"Ocean Avenue","ELEVTYP_F":0,"ELEVTYP_T":0},"geometry":{"type":"LineString","coordinates":[[-74.7942115758961,38.9979430894421],[-74.7948625716336,38.997404443208]]}},{"type":"Feature","id":62052,"properties":{"OBJECTID":62052,"PRIMENAME":"Park Boulevard","ELEVTYP_F":0,"ELEVTYP_T":0},"geometry":{"type":"LineString","coordinates":[[-74.8135369046793,38.9962403418529],[-74.8132199597978,38.9965088026594],[-74.8131879789597,38.9965335460352],[-74.8131073474803,38.9965776137599]]}},{"type":"Feature","id":62419,"properties":{"OBJECTID":62419,"PRIMENAME":"Surf Avenue","ELEVTYP_F":0,"ELEVTYP_T":0},"geometry":{"type":"LineString","coordinates":[[-74.7911505768771,39.0028224307086],[-74.7918059535916,39.0022801109326]]}},{"type":"Feature","id":62488,"properties":{"OBJECTID":62488,"PRIMENAME":"East 13th Avenue","ELEVTYP_F":0,"ELEVTYP_T":0},"geometry":{"type":"LineString","coordinates":[[-74.794333860224,38.9960334359577],[-74.7943500116919,38.9960333952127],[-74.7943793685478,38.9960447441],[-74.794441744971,38.9960759989218],[-74.7945665080127,38.9961584706762],[-74.7952457204484,38.996665146404],[-74.7955143897397,38.9968629895368]]}},{"type":"Feature","id":62908,"properties":{"OBJECTID":62908,"PRIMENAME":"Ocean Avenue","ELEVTYP_F":0,"ELEVTYP_T":0},"geometry":{"type":"LineString","coordinates":[[-74.7883446269848,39.0027960095151],[-74.7890029249809,39.0022573503322]]}},{"type":"Feature","id":62970,"properties":{"OBJECTID":62970,"PRIMENAME":"East 5th Avenue","ELEVTYP_F":0,"ELEVTYP_T":0},"geometry":{"type":"LineString","coordinates":[[-74.7949980243319,39.0046364396586],[-74.79559748534,39.0050786763454],[-74.7964391616141,39.0056941331973]]}},{"type":"Feature","id":63010,"properties":{"OBJECTID":63010,"PRIMENAME":"West Juniper Avenue","ELEVTYP_F":0,"ELEVTYP_T":0},"geometry":{"type":"LineString","coordinates":[[-74.8119515379727,38.9951087755007],[-74.8130358353909,38.995880279805],[-74.8135369046793,38.9962403418529]]}},{"type":"Feature","id":63749,"properties":{"OBJECTID":63749,"PRIMENAME":"West 20th Avenue","ELEVTYP_F":0,"ELEVTYP_T":0},"geometry":{"type":"LineString","coordinates":[[-74.8091321250265,38.9997398011187],[-74.8088394949911,38.9995214583094],[-74.8076681501262,38.9986731519172]]}},{"type":"Feature","id":63834,"properties":{"OBJECTID":63834,"PRIMENAME":"West Chestnut Avenue","ELEVTYP_F":0,"ELEVTYP_T":0},"geometry":{"type":"LineString","coordinates":[[-74.7961043803725,39.010539016106],[-74.7954116382869,39.0100285370521],[-74.7946446356444,39.009464067186]]}},{"type":"Feature","id":64192,"properties":{"OBJECTID":64192,"PRIMENAME":"Central Avenue","ELEVTYP_F":0,"ELEVTYP_T":0},"geometry":{"type":"LineString","coordinates":[[-74.8028171181631,38.9981546058058],[-74.8024368125047,38.9984706501897],[-74.8021661102039,38.9986943404131]]}},{"type":"Feature","id":64398,"properties":{"OBJECTID":64398,"PRIMENAME":"West Glenwood Avenue","ELEVTYP_F":0,"ELEVTYP_T":0},"geometry":{"type":"LineString","coordinates":[[-74.816432347375,38.9957175711206],[-74.816225567413,38.9955703784292],[-74.8151966143546,38.994836481537]]}},{"type":"Feature","id":64962,"properties":{"OBJECTID":64962,"PRIMENAME":"West Juniper Avenue","ELEVTYP_F":0,"ELEVTYP_T":0},"geometry":{"type":"LineString","coordinates":[[-74.8104666672012,38.9940631118897],[-74.8106854490348,38.9942229139008],[-74.8118911454316,38.9950658000027],[-74.8119515379727,38.9951087755007]]}},{"type":"Feature","id":64998,"properties":{"OBJECTID":64998,"PRIMENAME":"Saint Demetrios Avenue","ELEVTYP_F":0,"ELEVTYP_T":0},"geometry":{"type":"LineString","coordinates":[[-74.7934734271749,39.0121732275435],[-74.7934986521611,39.0125201001284]]}},{"type":"Feature","id":65005,"properties":{"OBJECTID":65005,"PRIMENAME":"Delaware Avenue","ELEVTYP_F":0,"ELEVTYP_T":0},"geometry":{"type":"LineString","coordinates":[[-74.8065267646071,39.0018992999188],[-74.8062420790345,39.0021364914868],[-74.8062129053391,39.0021606210869]]}},{"type":"Feature","id":65274,"properties":{"OBJECTID":65274,"PRIMENAME":"Delaware Avenue","ELEVTYP_F":0,"ELEVTYP_T":0},"geometry":{"type":"LineString","coordinates":[[-74.8075042289511,39.0010925827279],[-74.8075032119926,39.0010934214087],[-74.8071758490084,39.0013633912277]]}},{"type":"Feature","id":65965,"properties":{"OBJECTID":65965,"PRIMENAME":"Park Boulevard","ELEVTYP_F":0,"ELEVTYP_T":0},"geometry":{"type":"LineString","coordinates":[[-74.8157459173557,38.9943706480694],[-74.8154774667576,38.994597383755],[-74.8151966143546,38.994836481537]]}},{"type":"Feature","id":66156,"properties":{"OBJECTID":66156,"PRIMENAME":"East Lincoln Avenue","ELEVTYP_F":0,"ELEVTYP_T":0},"geometry":{"type":"LineString","coordinates":[[-74.8150308682083,38.9885861918136],[-74.8154247543607,38.9889131459566],[-74.8165354433508,38.9898403733828],[-74.816668427217,38.9899482540889]]}},{"type":"Feature","id":66158,"properties":{"OBJECTID":66158,"PRIMENAME":"New Jersey Avenue","ELEVTYP_F":0,"ELEVTYP_T":0},"geometry":{"type":"LineString","coordinates":[[-74.8180056001558,38.9889737434371],[-74.8175109033676,38.9893326265405],[-74.8173358369025,38.9894603723868]]}},{"type":"Feature","id":66181,"properties":{"OBJECTID":66181,"PRIMENAME":"West Spruce Avenue","ELEVTYP_F":0,"ELEVTYP_T":0},"geometry":{"type":"LineString","coordinates":[[-74.7962646855199,39.0126890612434],[-74.7959390831145,39.0124502865286],[-74.7954766316069,39.0121067748216],[-74.79511054176,39.0118379502764],[-74.79480556733,39.0116149915445]]}},{"type":"Feature","id":66533,"properties":{"OBJECTID":66533,"PRIMENAME":"East 2nd Avenue","ELEVTYP_F":0,"ELEVTYP_T":0},"geometry":{"type":"LineString","coordinates":[[-74.7883446269848,39.0027960095151],[-74.7889445580215,39.0032380875552],[-74.7898474075332,39.0039016305845]]}},{"type":"Feature","id":66627,"properties":{"OBJECTID":66627,"PRIMENAME":"New Jersey Avenue","ELEVTYP_F":0,"ELEVTYP_T":0},"geometry":{"type":"LineString","coordinates":[[-74.8068595814688,38.9970579292202],[-74.8063372965673,38.9974915781841],[-74.8062088246743,38.9975974650575]]}},{"type":"Feature","id":67128,"properties":{"OBJECTID":67128,"PRIMENAME":"West Oak Avenue","ELEVTYP_F":0,"ELEVTYP_T":0},"geometry":{"type":"LineString","coordinates":[[-74.7974730735368,39.0205917193361],[-74.797444109924,39.0205174632458],[-74.7973733178434,39.02029748349],[-74.7970540331404,39.0193738047571],[-74.7970010185397,39.0192295372843],[-74.7969690858452,39.0191097357274],[-74.7969547469149,39.0190225644708],[-74.7969598834767,39.0189797713529]]}},{"type":"Feature","id":67255,"properties":{"OBJECTID":67255,"PRIMENAME":"West 5th Avenue","ELEVTYP_F":0,"ELEVTYP_T":0},"geometry":{"type":"LineString","coordinates":[[-74.7979033908789,39.0067679787516],[-74.7983276773619,39.0070797819599],[-74.7985229798224,39.0072180016125]]}},{"type":"Feature","id":67439,"properties":{"OBJECTID":67439,"PRIMENAME":"East Glenwood Avenue","ELEVTYP_F":0,"ELEVTYP_T":0},"geometry":{"type":"LineString","coordinates":[[-74.8092023889996,38.9905766175701],[-74.8082967126956,38.9899370374234],[-74.8077578023837,38.9895562935769]]}},{"type":"Feature","id":68652,"properties":{"OBJECTID":68652,"PRIMENAME":"East Poplar Avenue","ELEVTYP_F":0,"ELEVTYP_T":0},"geometry":{"type":"LineString","coordinates":[[-74.8080274813102,38.9914708049952],[-74.8077529974364,38.9912741040025],[-74.8071787239729,38.9908700013489],[-74.8066629572648,38.9904957273484]]}},{"type":"Feature","id":69385,"properties":{"OBJECTID":69385,"PRIMENAME":"East 19th Avenue","ELEVTYP_F":0,"ELEVTYP_T":0},"geometry":{"type":"LineString","coordinates":[[-74.8040017784817,38.9969905304497],[-74.804061502446,38.9970341991227],[-74.8041166381548,38.9970745014865]]}},{"type":"Feature","id":69797,"properties":{"OBJECTID":69797,"PRIMENAME":"New Jersey Avenue","ELEVTYP_F":0,"ELEVTYP_T":0},"geometry":{"type":"LineString","coordinates":[[-74.8036060404724,38.9997528838425],[-74.8034445327722,38.9998871641195],[-74.8029532341281,39.0002938903951]]}},{"type":"Feature","id":69976,"properties":{"OBJECTID":69976,"PRIMENAME":"New York Avenue","ELEVTYP_F":0,"ELEVTYP_T":0},"geometry":{"type":"LineString","coordinates":[[-74.8050673394922,39.0008282959038],[-74.8051504067872,39.0007593230329],[-74.8057159988705,39.0002912423404]]}},{"type":"Feature","id":70150,"properties":{"OBJECTID":70150,"PRIMENAME":"East Maple Avenue","ELEVTYP_F":0,"ELEVTYP_T":0},"geometry":{"type":"LineString","coordinates":[[-74.8097822630268,38.9901327524417],[-74.8099541589976,38.9902586043272],[-74.8110628563949,38.991047938772],[-74.8115669518842,38.9913942724048]]}},{"type":"Feature","id":70387,"properties":{"OBJECTID":70387,"PRIMENAME":"Atlantic Avenue","ELEVTYP_F":0,"ELEVTYP_T":0},"geometry":{"type":"LineString","coordinates":[[-74.797356660355,39.0002492797351],[-74.7967046126883,39.0007903872492]]}},{"type":"Feature","id":70403,"properties":{"OBJECTID":70403,"PRIMENAME":"East Wildwood Avenue","ELEVTYP_F":0,"ELEVTYP_T":0},"geometry":{"type":"LineString","coordinates":[[-74.8097114024613,38.9882435007989],[-74.8099018725864,38.9883778977546],[-74.8102454200662,38.9886239730519],[-74.8109717941777,38.9891411410043]]}},{"type":"Feature","id":70901,"properties":{"OBJECTID":70901,"PRIMENAME":"West Glenwood Avenue","ELEVTYP_F":0,"ELEVTYP_T":0},"geometry":{"type":"LineString","coordinates":[[-74.8180218311916,38.9968813250346],[-74.8178696887419,38.9967534576162],[-74.8177873532393,38.9966877369145],[-74.8176157845621,38.9965507918198],[-74.8174874658661,38.9964661851528]]}},{"type":"Feature","id":71990,"properties":{"OBJECTID":71990,"PRIMENAME":"Pine Avenue","ELEVTYP_F":0,"ELEVTYP_T":0},"geometry":{"type":"LineString","coordinates":[[-74.7970781013737,39.0142996184715],[-74.7981783745626,39.0151056771765],[-74.7984600506574,39.0153145186959],[-74.7984764316278,39.015343033167],[-74.7984846955322,39.0153747538468],[-74.7984767253908,39.0154129139735],[-74.7984513597247,39.0154413586795]]}},{"type":"Feature","id":72377,"properties":{"OBJECTID":72377,"PRIMENAME":"South West 15th Avenue","ELEVTYP_F":0,"ELEVTYP_T":0},"geometry":{"type":"LineString","coordinates":[[-74.807465883382,39.0034204925744],[-74.8076743558082,39.0032421497176]]}},{"type":"Feature","id":73155,"properties":{"OBJECTID":73155,"PRIMENAME":"New Jersey Avenue","ELEVTYP_F":0,"ELEVTYP_T":0},"geometry":{"type":"LineString","coordinates":[[-74.8062088246743,38.9975974650575],[-74.8055600446022,38.9981323805339]]}},{"type":"Feature","id":73269,"properties":{"OBJECTID":73269,"PRIMENAME":"East 19th Avenue","ELEVTYP_F":0,"ELEVTYP_T":0},"geometry":{"type":"LineString","coordinates":[[-74.8025649843417,38.9959295400597],[-74.8034103289445,38.9965581727239],[-74.8040017784817,38.9969905304497]]}},{"type":"Feature","id":73561,"properties":{"OBJECTID":73561,"PRIMENAME":"Surf Avenue","ELEVTYP_F":0,"ELEVTYP_T":0},"geometry":{"type":"LineString","coordinates":[[-74.7924553233393,39.0017427455295],[-74.7931087825228,39.0012013564616]]}},{"type":"Feature","id":73638,"properties":{"OBJECTID":73638,"PRIMENAME":"East 20th Avenue","ELEVTYP_F":0,"ELEVTYP_T":0},"geometry":{"type":"LineString","coordinates":[[-74.8046539494741,38.9964499869841],[-74.8042574072736,38.9961585627009],[-74.8032148115152,38.9953918654529]]}},{"type":"Feature","id":75958,"properties":{"OBJECTID":75958,"PRIMENAME":"Central Avenue","ELEVTYP_F":0,"ELEVTYP_T":0},"geometry":{"type":"LineString","coordinates":[[-74.8047675406255,38.996533493152],[-74.8041166381548,38.9970745014865]]}},{"type":"Feature","id":76102,"properties":{"OBJECTID":76102,"PRIMENAME":"Hoffman Canal Avenue","ELEVTYP_F":0,"ELEVTYP_T":0},"geometry":{"type":"LineString","coordinates":[[-74.8048337109201,39.0037134872099],[-74.8048455485932,39.0037038071444],[-74.8050793607118,39.0035126194751],[-74.8054177703885,39.0032215816508],[-74.8054868865366,39.0031644797138]]}},{"type":"Feature","id":76748,"properties":{"OBJECTID":76748,"PRIMENAME":"West Chestnut Avenue","ELEVTYP_F":0,"ELEVTYP_T":0},"geometry":{"type":"LineString","coordinates":[[-74.7975140203743,39.0116233549614],[-74.7975098389989,39.0115915967545],[-74.797493411306,39.0115598968016],[-74.7974158095751,39.0114934255243],[-74.7968158064133,39.01106317168],[-74.7961043803725,39.010539016106]]}},{"type":"Feature","id":76915,"properties":{"OBJECTID":76915,"PRIMENAME":"West 4th Avenue","ELEVTYP_F":0,"ELEVTYP_T":0},"geometry":{"type":"LineString","coordinates":[[-74.7972555977332,39.0073048763323],[-74.7967396361532,39.0069253152898],[-74.79579158228,39.0062316816374]]}},{"type":"Feature","id":77248,"properties":{"OBJECTID":77248,"PRIMENAME":"North Delaware Avenue","ELEVTYP_F":0,"ELEVTYP_T":0},"geometry":{"type":"LineString","coordinates":[[-74.7961043803725,39.010539016106],[-74.7955505034922,39.0109982599252],[-74.7954545411218,39.0110776932031]]}},{"type":"Feature","id":77353,"properties":{"OBJECTID":77353,"PRIMENAME":"East Youngs Avenue","ELEVTYP_F":0,"ELEVTYP_T":0},"geometry":{"type":"LineString","coordinates":[[-74.8193442596314,38.9879937216137],[-74.8185092883124,38.9873014435452],[-74.8177043266998,38.9866369477426]]}},{"type":"Feature","id":77418,"properties":{"OBJECTID":77418,"PRIMENAME":"North New York Avenue","ELEVTYP_F":0,"ELEVTYP_T":0},"geometry":{"type":"LineString","coordinates":[[-74.7933435759416,39.0105421465457],[-74.7934340005998,39.0104679187859],[-74.7939362784993,39.0100733959326]]}},{"type":"Feature","id":77822,"properties":{"OBJECTID":77822,"PRIMENAME":"East Oak Avenue","ELEVTYP_F":0,"ELEVTYP_T":0},"geometry":{"type":"LineString","coordinates":[[-74.8103231519749,38.9877160470819],[-74.8099758287938,38.9874748412638]]}},{"type":"Feature","id":78859,"properties":{"OBJECTID":78859,"PRIMENAME":"West 22nd Avenue","ELEVTYP_F":0,"ELEVTYP_T":0},"geometry":{"type":"LineString","coordinates":[[-74.8104339015874,38.9986599496606],[-74.8091185105742,38.9976944638243],[-74.8089719076534,38.9975870512482]]}},{"type":"Feature","id":78881,"properties":{"OBJECTID":78881,"PRIMENAME":"Beach Creek Bridge","ELEVTYP_F":0,"ELEVTYP_T":0},"geometry":{"type":"LineString","coordinates":[[-74.7990834565718,39.0199310389215],[-74.7991192000977,39.0200397450256]]}},{"type":"Feature","id":79248,"properties":{"OBJECTID":79248,"PRIMENAME":"West 12th Avenue","ELEVTYP_F":0,"ELEVTYP_T":0},"geometry":{"type":"LineString","coordinates":[[-74.8010043468986,39.0019127166574],[-74.8014438025934,39.0022365790726],[-74.8024616755183,39.002987978408]]}},{"type":"Feature","id":79993,"properties":{"OBJECTID":79993,"PRIMENAME":"Anglesea Drive","ELEVTYP_F":0,"ELEVTYP_T":0},"geometry":{"type":"LineString","coordinates":[[-74.7946443268531,39.0156323548897],[-74.7946719202088,39.0162682747421],[-74.794676871152,39.0163924827935],[-74.7946993753863,39.0164890792698],[-74.7947484252752,39.016578689165],[-74.794792926454,39.0166407144738],[-74.7948691715894,39.0167173192359]]}},{"type":"Feature","id":80405,"properties":{"OBJECTID":80405,"PRIMENAME":"Central Avenue","ELEVTYP_F":0,"ELEVTYP_T":0},"geometry":{"type":"LineString","coordinates":[[-74.8021661102039,38.9986943404131],[-74.8015135074792,38.999233580899]]}},{"type":"Feature","id":80624,"properties":{"OBJECTID":80624,"PRIMENAME":"East 6th Avenue","ELEVTYP_F":0,"ELEVTYP_T":0},"geometry":{"type":"LineString","coordinates":[[-74.7970953597218,39.0051497774888],[-74.7969306520182,39.0050290506445],[-74.7956553024051,39.0040890956529]]}},{"type":"Feature","id":80882,"properties":{"OBJECTID":80882,"PRIMENAME":"West 26th Avenue","ELEVTYP_F":0,"ELEVTYP_T":0},"geometry":{"type":"LineString","coordinates":[[-74.8204290455767,39.001909862236],[-74.8198733861646,39.0014936904398],[-74.8193735762223,39.0011238232713],[-74.8186016635174,39.0005603740288],[-74.8180982298025,39.0001876005268],[-74.8173971455981,38.9996732371681],[-74.8166237867417,38.9991043698081]]}},{"type":"Feature","id":81168,"properties":{"OBJECTID":81168,"PRIMENAME":"East 1st Avenue","ELEVTYP_F":0,"ELEVTYP_T":0},"geometry":{"type":"LineString","coordinates":[[-74.7908416813493,39.0056431726521],[-74.7909285292069,39.0057105036706],[-74.7922868773992,39.0067050818312]]}},{"type":"Feature","id":81318,"properties":{"OBJECTID":81318,"PRIMENAME":"East 6th Avenue","ELEVTYP_F":0,"ELEVTYP_T":0},"geometry":{"type":"LineString","coordinates":[[-74.7909559781806,39.0006413497926],[-74.789551481706,38.9996096908363]]}},{"type":"Feature","id":81470,"properties":{"OBJECTID":81470,"PRIMENAME":"West Magnolia Avenue","ELEVTYP_F":0,"ELEVTYP_T":0},"geometry":{"type":"LineString","coordinates":[[-74.8130495693249,38.9941655502172],[-74.8131259146647,38.9942195755464],[-74.8138266479658,38.9947215540192],[-74.8146453563862,38.9953072057485]]}},{"type":"Feature","id":81870,"properties":{"OBJECTID":81870,"PRIMENAME":"West Wildwood Avenue","ELEVTYP_F":0,"ELEVTYP_T":0},"geometry":{"type":"LineString","coordinates":[[-74.8181531186257,38.994245570794],[-74.8186746537965,38.9946154402257],[-74.8196682037102,38.9953332293267],[-74.8198884579406,38.9954861453988]]}},{"type":"Feature","id":82379,"properties":{"OBJECTID":82379,"PRIMENAME":"East 25th Avenue","ELEVTYP_F":0,"ELEVTYP_T":0},"geometry":{"type":"LineString","coordinates":[[-74.8048281946777,38.9914874173761],[-74.8049925401967,38.9916094802142],[-74.8063942856308,38.9926410438256],[-74.8064684791608,38.992695271069]]}},{"type":"Feature","id":82482,"properties":{"OBJECTID":82482,"PRIMENAME":"Atlantic Avenue","ELEVTYP_F":0,"ELEVTYP_T":0},"geometry":{"type":"LineString","coordinates":[[-74.7947518024523,39.0024090362402],[-74.7940982769692,39.0029513408313]]}},{"type":"Feature","id":82611,"properties":{"OBJECTID":82611,"PRIMENAME":"Seaspray Court","ELEVTYP_F":0,"ELEVTYP_T":0},"geometry":{"type":"LineString","coordinates":[[-74.7970587150435,39.0184095941871],[-74.796699600201,39.0183978906314],[-74.794921601428,39.0185678906941]]}},{"type":"Feature","id":83324,"properties":{"OBJECTID":83324,"PRIMENAME":"Atlantic Avenue","ELEVTYP_F":0,"ELEVTYP_T":0},"geometry":{"type":"LineString","coordinates":[[-74.8051662136166,38.9937728563653],[-74.8049069771767,38.9939891378214],[-74.8045154814568,38.9943138946228]]}},{"type":"Feature","id":83555,"properties":{"OBJECTID":83555,"PRIMENAME":"Delaware Avenue","ELEVTYP_F":0,"ELEVTYP_T":0},"geometry":{"type":"LineString","coordinates":[[-74.8058750875728,39.0024402646978],[-74.8052790785054,39.0029336866857],[-74.8052279881184,39.0029759690042]]}},{"type":"Feature","id":83575,"properties":{"OBJECTID":83575,"PRIMENAME":"East 12th Avenue","ELEVTYP_F":0,"ELEVTYP_T":0},"geometry":{"type":"LineString","coordinates":[[-74.7994474010637,39.0007693481995],[-74.7995037019793,39.0008104740159],[-74.7995574968696,39.0008497657762]]}},{"type":"Feature","id":83637,"properties":{"OBJECTID":83637,"PRIMENAME":"New Jersey Avenue","ELEVTYP_F":0,"ELEVTYP_T":0},"geometry":{"type":"LineString","coordinates":[[-74.7939170055459,39.0089285701348],[-74.7938790611456,39.0090885830792],[-74.7938617730936,39.0092569463157],[-74.7938535158365,39.0094217716371],[-74.7938679616506,39.0096636985623],[-74.793891154856,39.0098424755692],[-74.7939098992999,39.0099383953251],[-74.7939362784993,39.0100733959326]]}},{"type":"Feature","id":83749,"properties":{"OBJECTID":83749,"PRIMENAME":"Delaware Avenue","ELEVTYP_F":0,"ELEVTYP_T":0},"geometry":{"type":"LineString","coordinates":[[-74.811741749149,38.9975774593148],[-74.8111715992319,38.998051320003],[-74.8110841204924,38.9981231917039]]}},{"type":"Feature","id":83930,"properties":{"OBJECTID":83930,"PRIMENAME":"West Ocean Drive","ELEVTYP_F":0,"ELEVTYP_T":0},"geometry":{"type":"LineString","coordinates":[[-74.8060967299682,39.0251653991622],[-74.8058490034694,39.0253991966286],[-74.8055732995167,39.0256269986669]]}},{"type":"Feature","id":84160,"properties":{"OBJECTID":84160,"PRIMENAME":"East Pine Avenue","ELEVTYP_F":0,"ELEVTYP_T":0},"geometry":{"type":"LineString","coordinates":[[-74.8103626772382,38.989660930051],[-74.8100927561132,38.9894698509651],[-74.8093832149156,38.9889632874589],[-74.808874130773,38.9885959789808]]}},{"type":"Feature","id":84471,"properties":{"OBJECTID":84471,"PRIMENAME":"Atlantic Avenue","ELEVTYP_F":0,"ELEVTYP_T":0},"geometry":{"type":"LineString","coordinates":[[-74.81220399412,38.9880913829789],[-74.8121946570614,38.9880992851207],[-74.8119338762548,38.988319955665],[-74.8115881411267,38.9886192970874]]}},{"type":"Feature","id":84519,"properties":{"OBJECTID":84519,"PRIMENAME":"West 3rd Avenue","ELEVTYP_F":0,"ELEVTYP_T":0},"geometry":{"type":"LineString","coordinates":[[-74.7951453875075,39.0067746866719],[-74.7955677997216,39.0070868064633],[-74.7965273661526,39.0077878536785],[-74.7966051667156,39.0078442201233]]}},{"type":"Feature","id":84642,"properties":{"OBJECTID":84642,"PRIMENAME":"East 26th Avenue","ELEVTYP_F":0,"ELEVTYP_T":0},"geometry":{"type":"LineString","coordinates":[[-74.810110883561,38.9943576702192],[-74.8094498046502,38.9938729184338],[-74.8090303517148,38.9935575719996]]}},{"type":"Feature","id":84695,"properties":{"OBJECTID":84695,"PRIMENAME":"Delaware Avenue","ELEVTYP_F":0,"ELEVTYP_T":0},"geometry":{"type":"LineString","coordinates":[[-74.8084806652207,39.0002809998311],[-74.8081660127777,39.000542740998]]}},{"type":"Feature","id":84720,"properties":{"OBJECTID":84720,"PRIMENAME":"East 26th Avenue","ELEVTYP_F":0,"ELEVTYP_T":0},"geometry":{"type":"LineString","coordinates":[[-74.8086109614589,38.9932552674768],[-74.8090303517148,38.9935575719996]]}},{"type":"Feature","id":84727,"properties":{"OBJECTID":84727,"PRIMENAME":"West Garfield Avenue","ELEVTYP_F":0,"ELEVTYP_T":0},"geometry":{"type":"LineString","coordinates":[[-74.8173358369025,38.9894603723868],[-74.8175719878131,38.989656578652],[-74.8188991001246,38.9907641453246],[-74.8189717091807,38.9908242461914]]}},{"type":"Feature","id":84799,"properties":{"OBJECTID":84799,"PRIMENAME":"Beach Drive","ELEVTYP_F":0,"ELEVTYP_T":0},"geometry":{"type":"LineString","coordinates":[[-74.7930187001601,38.9970642658003],[-74.7923699502111,38.9976039681924]]}},{"type":"Feature","id":85286,"properties":{"OBJECTID":85286,"PRIMENAME":"Central Avenue","ELEVTYP_F":0,"ELEVTYP_T":0},"geometry":{"type":"LineString","coordinates":[[-74.8060644063322,38.9954555422323],[-74.8054138401248,38.9959963371832]]}},{"type":"Feature","id":85456,"properties":{"OBJECTID":85456,"PRIMENAME":"New York Avenue","ELEVTYP_F":0,"ELEVTYP_T":0},"geometry":{"type":"LineString","coordinates":[[-74.8057159988705,39.0002912423404],[-74.8063709607121,38.9997492534778]]}},{"type":"Feature","id":85960,"properties":{"OBJECTID":85960,"PRIMENAME":"Allen Drive","ELEVTYP_F":0,"ELEVTYP_T":0},"geometry":{"type":"LineString","coordinates":[[-74.7960717849751,39.0200673442539],[-74.7961021003543,39.0204776999731],[-74.7961050611252,39.0205177951348],[-74.7961258040133,39.020612994897],[-74.7961627774418,39.0206922550757],[-74.7962118359624,39.0207492990817],[-74.7962813023535,39.0208126062642],[-74.7964368495395,39.0209307840735]]}},{"type":"Feature","id":85997,"properties":{"OBJECTID":85997,"PRIMENAME":"East 9th Avenue","ELEVTYP_F":0,"ELEVTYP_T":0},"geometry":{"type":"LineString","coordinates":[[-74.7975993391676,39.0024701516602],[-74.7984633641858,39.0031062417174],[-74.7990457368262,39.0035333204684]]}},{"type":"Feature","id":86124,"properties":{"OBJECTID":86124,"PRIMENAME":"Allen Drive","ELEVTYP_F":0,"ELEVTYP_T":0},"geometry":{"type":"LineString","coordinates":[[-74.7969598834767,39.0189797713529],[-74.7969648825869,39.0189380767329],[-74.7969839678977,39.0188673799981],[-74.7969958002564,39.0188235518597],[-74.7970372669807,39.0187062822217],[-74.7970474025117,39.0186217944726],[-74.7970504076423,39.0185073406491],[-74.7970587150435,39.0184095941871]]}},{"type":"Feature","id":86160,"properties":{"OBJECTID":86160,"PRIMENAME":"Central Avenue","ELEVTYP_F":0,"ELEVTYP_T":0},"geometry":{"type":"LineString","coordinates":[[-74.7943495738614,39.0051763976081],[-74.7937428479603,39.0056816222355],[-74.7937053202662,39.005712580252]]}},{"type":"Feature","id":86202,"properties":{"OBJECTID":86202,"PRIMENAME":"East 7th Avenue","ELEVTYP_F":0,"ELEVTYP_T":0},"geometry":{"type":"LineString","coordinates":[[-74.7947518024523,39.0024090362402],[-74.7949351051284,39.0025438060125],[-74.7961924481489,39.0034702506041]]}},{"type":"Feature","id":86565,"properties":{"OBJECTID":86565,"PRIMENAME":"Saint Demetrios Avenue","ELEVTYP_F":0,"ELEVTYP_T":0},"geometry":{"type":"LineString","coordinates":[[-74.7934986521611,39.0125201001284],[-74.7935242083492,39.0128713320212],[-74.7935272358814,39.0129129288704],[-74.7935445641153,39.0131541610822],[-74.7935496345931,39.0131804534657],[-74.7935618220345,39.0131940149899]]}},{"type":"Feature","id":86582,"properties":{"OBJECTID":86582,"PRIMENAME":"East 11th Avenue","ELEVTYP_F":0,"ELEVTYP_T":0},"geometry":{"type":"LineString","coordinates":[[-74.797356660355,39.0002492797351],[-74.7970620966131,39.0000316545979],[-74.7957085895491,38.9990440380747]]}},{"type":"Feature","id":86951,"properties":{"OBJECTID":86951,"PRIMENAME":"Mulberry Avenue","ELEVTYP_F":0,"ELEVTYP_T":0},"geometry":{"type":"LineString","coordinates":[[-74.797890725066,39.0159139876016],[-74.7978358087246,39.0158738620529],[-74.7971630906293,39.0153823293686],[-74.7966761368164,39.0150266108062],[-74.796426387739,39.0148424512052]]}},{"type":"Feature","id":87032,"properties":{"OBJECTID":87032,"PRIMENAME":"Southwest 18th Avenue","ELEVTYP_F":0,"ELEVTYP_T":0},"geometry":{"type":"LineString","coordinates":[[-74.8081660127777,39.000542740998],[-74.8089839217501,39.0011423270553],[-74.8096336240241,39.0016177762405]]}},{"type":"Feature","id":87064,"properties":{"OBJECTID":87064,"PRIMENAME":"Pacific Avenue","ELEVTYP_F":0,"ELEVTYP_T":0},"geometry":{"type":"LineString","coordinates":[[-74.8139644336862,38.9893688570843],[-74.8138826782334,38.9894272620632],[-74.813785023042,38.9895094691387],[-74.8137838994452,38.9895104153652],[-74.8137660552722,38.989525436616],[-74.8133581991078,38.98987547432]]}},{"type":"Feature","id":87244,"properties":{"OBJECTID":87244,"PRIMENAME":"East Juniper Avenue","ELEVTYP_F":0,"ELEVTYP_T":0},"geometry":{"type":"LineString","coordinates":[[-74.8061209359333,38.990959659738],[-74.80706427705,38.9916371605089],[-74.8074473967552,38.9919116142633]]}},{"type":"Feature","id":87301,"properties":{"OBJECTID":87301,"PRIMENAME":"Venice Avenue","ELEVTYP_F":0,"ELEVTYP_T":0},"geometry":{"type":"LineString","coordinates":[[-74.8181725790033,38.9978842457393],[-74.8181732801411,38.9978835573698],[-74.8182351437663,38.9978136168175],[-74.818393494795,38.9975948363434],[-74.818571561671,38.9973394817316]]}},{"type":"Feature","id":87546,"properties":{"OBJECTID":87546,"PRIMENAME":"East Wildwood Avenue","ELEVTYP_F":0,"ELEVTYP_T":0},"geometry":{"type":"LineString","coordinates":[[-74.8109717941777,38.9891411410043],[-74.8113918958597,38.9894402228937],[-74.8118773955034,38.9897846824753],[-74.8127447185522,38.9904005322706]]}},{"type":"Feature","id":87898,"properties":{"OBJECTID":87898,"PRIMENAME":"West 11th Avenue","ELEVTYP_F":0,"ELEVTYP_T":0},"geometry":{"type":"LineString","coordinates":[[-74.8032696316362,39.0045990858116],[-74.8030362125394,39.0044354092877],[-74.8019619498946,39.0036454997376],[-74.8018057382231,39.0035298926774]]}},{"type":"Feature","id":88156,"properties":{"OBJECTID":88156,"PRIMENAME":"West Spruce Avenue","ELEVTYP_F":0,"ELEVTYP_T":0},"geometry":{"type":"LineString","coordinates":[[-74.7977267897278,39.0137594527253],[-74.7974998267073,39.0135952813821],[-74.7970405484406,39.0132567658466],[-74.7965331683479,39.0128858866044],[-74.7962646855199,39.0126890612434]]}},{"type":"Feature","id":89673,"properties":{"OBJECTID":89673,"PRIMENAME":"West 8th Avenue","ELEVTYP_F":0,"ELEVTYP_T":0},"geometry":{"type":"LineString","coordinates":[[-74.800975177314,39.0059744566907],[-74.8009747882149,39.0059741838324],[-74.8007350424298,39.0057954440377],[-74.7998536354615,39.0051476640971]]}},{"type":"Feature","id":89798,"properties":{"OBJECTID":89798,"PRIMENAME":"West Walnut Avenue","ELEVTYP_F":0,"ELEVTYP_T":0},"geometry":{"type":"LineString","coordinates":[[-74.7954545411218,39.0110776932031],[-74.7962362941334,39.0116456631901],[-74.7969163295882,39.0121508418235]]}},{"type":"Feature","id":89902,"properties":{"OBJECTID":89902,"PRIMENAME":"Beach Drive","ELEVTYP_F":0,"ELEVTYP_T":0},"geometry":{"type":"LineString","coordinates":[[-74.794333860224,38.9960334359577],[-74.7943207714281,38.996033468975],[-74.7942841999046,38.9960392447698],[-74.7942513482853,38.9960593177876],[-74.7941893628897,38.9961051920219],[-74.7940251379392,38.9962312557371],[-74.793747966205,38.9964604345066],[-74.7936628213102,38.9965306954851]]}},{"type":"Feature","id":90491,"properties":{"OBJECTID":90491,"PRIMENAME":"Ocean Avenue","ELEVTYP_F":0,"ELEVTYP_T":0},"geometry":{"type":"LineString","coordinates":[[-74.8083179618901,38.9890771485312],[-74.8077578023837,38.9895562935769]]}},{"type":"Feature","id":90874,"properties":{"OBJECTID":90874,"PRIMENAME":"Surf Avenue","ELEVTYP_F":0,"ELEVTYP_T":0},"geometry":{"type":"LineString","coordinates":[[-74.7970140855691,38.9979663309483],[-74.7972052347972,38.9978085624713],[-74.7976638151503,38.9974245139111]]}},{"type":"Feature","id":90876,"properties":{"OBJECTID":90876,"PRIMENAME":"East 6th Avenue","ELEVTYP_F":0,"ELEVTYP_T":0},"geometry":{"type":"LineString","coordinates":[[-74.7940982769692,39.0029513408313],[-74.7925872272675,39.0018396440425],[-74.7924553233393,39.0017427455295]]}},{"type":"Feature","id":90979,"properties":{"OBJECTID":90979,"PRIMENAME":"East 11th Avenue","ELEVTYP_F":0,"ELEVTYP_T":0},"geometry":{"type":"LineString","coordinates":[[-74.7942115758961,38.9979430894421],[-74.7937761341251,38.9976223748139],[-74.7930187001601,38.9970642658003]]}},{"type":"Feature","id":91067,"properties":{"OBJECTID":91067,"PRIMENAME":"Park Boulevard","ELEVTYP_F":0,"ELEVTYP_T":0},"geometry":{"type":"LineString","coordinates":[[-74.8195874763333,38.9913335340068],[-74.8192892151393,38.9915528370781],[-74.8189641803221,38.9917886326193],[-74.8189200972734,38.9918207148669]]}},{"type":"Feature","id":91481,"properties":{"OBJECTID":91481,"PRIMENAME":"West 6th Avenue","ELEVTYP_F":0,"ELEVTYP_T":0},"geometry":{"type":"LineString","coordinates":[[-74.7985597963278,39.0062230099006],[-74.7970953597218,39.0051497774888]]}},{"type":"Feature","id":91610,"properties":{"OBJECTID":91610,"PRIMENAME":"Seaboard Circle","ELEVTYP_F":0,"ELEVTYP_T":0},"geometry":{"type":"LineString","coordinates":[[-74.7976145993739,39.0224678913748],[-74.7975546007533,39.0224898911734],[-74.7974865993021,39.0225028910434],[-74.7974136021703,39.0225098921747],[-74.7973426003388,39.0225228906016],[-74.7972785998416,39.0225398907788],[-74.7972186004837,39.0225658911235],[-74.7971666003792,39.0226008913666],[-74.7971245991625,39.0226408902127],[-74.7970896011383,39.0226858907976],[-74.7970615989374,39.0227368903976],[-74.7970405998049,39.0227878910768],[-74.797024601648,39.0228378916765],[-74.7970175987227,39.0228878909918],[-74.7970196006844,39.0229608915447],[-74.7970376010677,39.0230258913673],[-74.7970806003917,39.0230868916703],[-74.7971186005108,39.0231208915192],[-74.797167600672,39.0231498914912],[-74.7972166005833,39.0231768915353],[-74.7973356004407,39.0232368900106],[-74.7973836026996,39.0232718921582],[-74.7974716004231,39.0233018925294],[-74.7976466012179,39.0233278917717],[-74.7977166019624,39.0233188901259],[-74.797817600667,39.0233098903825],[-74.797884600794,39.0233068915156],[-74.797940602338,39.0232918915263],[-74.7980406015024,39.0232538909748],[-74.798095601383,39.0232258913666],[-74.7981476013832,39.023193891476],[-74.7981936009456,39.0231638923948],[-74.7982666002085,39.0230978916859],[-74.7983086024495,39.023037890648],[-74.7983426011975,39.0229838908692],[-74.798346600652,39.0229058914382],[-74.798341600433,39.0228578911207],[-74.7982996027532,39.0227438911582],[-74.7982636016126,39.0226898920055],[-74.7982126018014,39.0226398922631],[-74.798150599797,39.0225978914228],[-74.7980805998227,39.0225628917461],[-74.7980066018826,39.0225358919634],[-74.7979316014699,39.0225118927541],[-74.7978645999695,39.0224898909978],[-74.7978136009225,39.0224608919137],[-74.7976145993739,39.0224678913748]]}},{"type":"Feature","id":91615,"properties":{"OBJECTID":91615,"PRIMENAME":"East Oak Avenue","ELEVTYP_F":0,"ELEVTYP_T":0},"geometry":{"type":"LineString","coordinates":[[-74.8150879436158,38.991103698321],[-74.814732698984,38.9908526160324],[-74.813741818513,38.9901483962783],[-74.8133581991078,38.98987547432]]}},{"type":"Feature","id":91809,"properties":{"OBJECTID":91809,"PRIMENAME":"Atlantic Avenue","ELEVTYP_F":0,"ELEVTYP_T":0},"geometry":{"type":"LineString","coordinates":[[-74.8115881411267,38.9886192970874],[-74.8114424358551,38.9887454179356],[-74.8110425935291,38.989079252993],[-74.8109717941777,38.9891411410043]]}},{"type":"Feature","id":91811,"properties":{"OBJECTID":91811,"PRIMENAME":"Atlantic Avenue","ELEVTYP_F":0,"ELEVTYP_T":0},"geometry":{"type":"LineString","coordinates":[[-74.7999550780549,38.9980937376239],[-74.7993060702228,38.9986287828927]]}},{"type":"Feature","id":91895,"properties":{"OBJECTID":91895,"PRIMENAME":"West 12th Avenue","ELEVTYP_F":0,"ELEVTYP_T":0},"geometry":{"type":"LineString","coordinates":[[-74.8039168215483,39.0040611680106],[-74.8041771772122,39.0042531100798]]}},{"type":"Feature","id":91959,"properties":{"OBJECTID":91959,"PRIMENAME":"Lake Avenue","ELEVTYP_F":0,"ELEVTYP_T":0},"geometry":{"type":"LineString","coordinates":[[-74.8163915709369,38.9974096937397],[-74.8160423542037,38.9977072178095],[-74.8158425346634,38.9978764626042]]}},{"type":"Feature","id":92105,"properties":{"OBJECTID":92105,"PRIMENAME":"East 9th Avenue","ELEVTYP_F":0,"ELEVTYP_T":0},"geometry":{"type":"LineString","coordinates":[[-74.7974927701925,39.0023916736333],[-74.7975462132805,39.0024310221598],[-74.7975993391676,39.0024701516602]]}},{"type":"Feature","id":92661,"properties":{"OBJECTID":92661,"PRIMENAME":"East 19th Avenue","ELEVTYP_F":0,"ELEVTYP_T":0},"geometry":{"type":"LineString","coordinates":[[-74.8009228196207,38.9947200163672],[-74.8016140427517,38.9952223125944],[-74.8025649843417,38.9959295400597]]}},{"type":"Feature","id":92961,"properties":{"OBJECTID":92961,"PRIMENAME":"Surf Avenue","ELEVTYP_F":0,"ELEVTYP_T":0},"geometry":{"type":"LineString","coordinates":[[-74.7976638151503,38.9974245139111],[-74.7983111750538,38.9968823974882]]}},{"type":"Feature","id":93937,"properties":{"OBJECTID":93937,"PRIMENAME":"East Pine Avenue","ELEVTYP_F":0,"ELEVTYP_T":0},"geometry":{"type":"LineString","coordinates":[[-74.8121323216417,38.990926270521],[-74.8118106700842,38.9907029874056],[-74.8111682814488,38.9902310999546],[-74.8103626772382,38.989660930051]]}},{"type":"Feature","id":94194,"properties":{"OBJECTID":94194,"PRIMENAME":"East 24th Avenue","ELEVTYP_F":0,"ELEVTYP_T":0},"geometry":{"type":"LineString","coordinates":[[-74.8058141008021,38.9932347884436],[-74.8052896968872,38.9928510027378],[-74.8041745137536,38.9920259626249]]}},{"type":"Feature","id":94355,"properties":{"OBJECTID":94355,"PRIMENAME":"Atlantic Avenue","ELEVTYP_F":0,"ELEVTYP_T":0},"geometry":{"type":"LineString","coordinates":[[-74.8006089062493,38.9975523882641],[-74.8003272326925,38.9977868939667],[-74.7999550780549,38.9980937376239]]}},{"type":"Feature","id":94586,"properties":{"OBJECTID":94586,"PRIMENAME":"West 19th Avenue","ELEVTYP_F":0,"ELEVTYP_T":0},"geometry":{"type":"LineString","coordinates":[[-74.8070224008633,38.9992089178474],[-74.8084060004156,39.0002259788341],[-74.8084806652207,39.0002809998311]]}},{"type":"Feature","id":94749,"properties":{"OBJECTID":94749,"PRIMENAME":"East 18th Avenue","ELEVTYP_F":0,"ELEVTYP_T":0},"geometry":{"type":"LineString","coordinates":[[-74.8019127969985,38.9964688638968],[-74.8015900370129,38.9962316895853],[-74.8002662847854,38.9952635169292]]}},{"type":"Feature","id":95650,"properties":{"OBJECTID":95650,"PRIMENAME":"East 3rd Avenue","ELEVTYP_F":0,"ELEVTYP_T":0},"geometry":{"type":"LineString","coordinates":[[-74.7875029237408,39.0011570658917],[-74.7889104496145,39.0021890155945],[-74.7890029249809,39.0022573503322]]}},{"type":"Feature","id":96222,"properties":{"OBJECTID":96222,"PRIMENAME":"East Spicer Avenue","ELEVTYP_F":0,"ELEVTYP_T":0},"geometry":{"type":"LineString","coordinates":[[-74.8180056001558,38.9889737434371],[-74.8174448030281,38.9885076263616],[-74.8163653287715,38.9876116250806]]}},{"type":"Feature","id":97167,"properties":{"OBJECTID":97167,"PRIMENAME":"New Jersey Avenue","ELEVTYP_F":0,"ELEVTYP_T":0},"geometry":{"type":"LineString","coordinates":[[-74.816668427217,38.9899482540889],[-74.8161941415018,38.9902954063791],[-74.8159992879526,38.9904370699252]]}},{"type":"Feature","id":97817,"properties":{"OBJECTID":97817,"PRIMENAME":"Atlantic Avenue","ELEVTYP_F":0,"ELEVTYP_T":0},"geometry":{"type":"LineString","coordinates":[[-74.8097822630268,38.9901327524417],[-74.8095555197826,38.9903066714827],[-74.8092429979856,38.9905456742695],[-74.8092023889996,38.9905766175701]]}},{"type":"Feature","id":98658,"properties":{"OBJECTID":98658,"PRIMENAME":"West 25th Avenue","ELEVTYP_F":0,"ELEVTYP_T":0},"geometry":{"type":"LineString","coordinates":[[-74.8109223610608,38.9959683337788],[-74.8123121543234,38.9969871711753],[-74.8123880154912,38.9970426270227]]}},{"type":"Feature","id":100727,"properties":{"OBJECTID":100727,"PRIMENAME":"East 12th Avenue","ELEVTYP_F":0,"ELEVTYP_T":0},"geometry":{"type":"LineString","coordinates":[[-74.7948625716336,38.997404443208],[-74.7951389629588,38.997605727879],[-74.796361762627,38.9985048834867]]}},{"type":"Feature","id":103135,"properties":{"OBJECTID":103135,"PRIMENAME":"Central Avenue","ELEVTYP_F":0,"ELEVTYP_T":0},"geometry":{"type":"LineString","coordinates":[[-74.8008657325733,38.9997688243357],[-74.8002078847664,39.0003124095275]]}},{"type":"Feature","id":106370,"properties":{"OBJECTID":106370,"PRIMENAME":"East 9th Avenue","ELEVTYP_F":0,"ELEVTYP_T":0},"geometry":{"type":"LineString","coordinates":[[-74.7917179671863,38.9981470514598],[-74.7929072082691,38.9990230145966]]}},{"type":"Feature","id":107166,"properties":{"OBJECTID":107166,"PRIMENAME":"East 23rd Avenue","ELEVTYP_F":0,"ELEVTYP_T":0},"geometry":{"type":"LineString","coordinates":[[-74.8067169966251,38.9949131185441],[-74.8077516111536,38.9956741760733],[-74.8081639778648,38.9959769426173]]}},{"type":"Feature","id":107580,"properties":{"OBJECTID":107580,"PRIMENAME":"New Jersey Avenue","ELEVTYP_F":0,"ELEVTYP_T":0},"geometry":{"type":"LineString","coordinates":[[-74.8094678726545,38.994894843564],[-74.8089970680857,38.9952893777235],[-74.8088201152859,38.9954354302555]]}},{"type":"Feature","id":108210,"properties":{"OBJECTID":108210,"PRIMENAME":"East 17th Avenue","ELEVTYP_F":0,"ELEVTYP_T":0},"geometry":{"type":"LineString","coordinates":[[-74.8012580113101,38.9970119536674],[-74.8021053131588,38.997637103373],[-74.8027000007866,38.9980694322063]]}},{"type":"Feature","id":108667,"properties":{"OBJECTID":108667,"PRIMENAME":"East 24th Avenue","ELEVTYP_F":0,"ELEVTYP_T":0},"geometry":{"type":"LineString","coordinates":[[-74.8041745137536,38.9920259626249],[-74.8036351096628,38.9916268316304],[-74.8024373891172,38.9907361984182]]}},{"type":"Feature","id":109294,"properties":{"OBJECTID":109294,"PRIMENAME":"New York Avenue","ELEVTYP_F":0,"ELEVTYP_T":0},"geometry":{"type":"LineString","coordinates":[[-74.8024616755183,39.002987978408],[-74.8027350618934,39.0027630726212],[-74.8031127556953,39.0024484071679]]}},{"type":"Feature","id":109564,"properties":{"OBJECTID":109564,"PRIMENAME":"East 10th Avenue","ELEVTYP_F":0,"ELEVTYP_T":0},"geometry":{"type":"LineString","coordinates":[[-74.7967046126883,39.0007903872492],[-74.7960310980462,39.0002949640677],[-74.7950600082726,38.9995815026528]]}},{"type":"Feature","id":111353,"properties":{"OBJECTID":111353,"PRIMENAME":"West 14th Avenue","ELEVTYP_F":0,"ELEVTYP_T":0},"geometry":{"type":"LineString","coordinates":[[-74.8057356004449,39.0033418872763],[-74.8054868865366,39.0031644797138]]}},{"type":"Feature","id":112928,"properties":{"OBJECTID":112928,"PRIMENAME":"Maryland Avenue","ELEVTYP_F":0,"ELEVTYP_T":0},"geometry":{"type":"LineString","coordinates":[[-74.7956127133586,39.0132268381982],[-74.7962646855199,39.0126890612434]]}},{"type":"Feature","id":113128,"properties":{"OBJECTID":113128,"PRIMENAME":"North Wildwood Boulevard","ELEVTYP_F":0,"ELEVTYP_T":0},"geometry":{"type":"LineString","coordinates":[[-74.8062669274739,39.0252463387412],[-74.806818718974,39.0255086349997],[-74.8068489137696,39.0255229882381],[-74.8078199155807,39.0259849966249],[-74.8086361116024,39.0263745865465],[-74.8092748340414,39.0266767473065],[-74.8100684381177,39.027056282102],[-74.8109878699282,39.0274932760606],[-74.8117750281942,39.0278678472159],[-74.8123525086978,39.028142531655],[-74.8131461457778,39.0285221002341],[-74.8136687847219,39.0287718021846],[-74.8151109098503,39.0294584619716],[-74.8154883886197,39.0296382258649],[-74.8169789497693,39.0303473573432],[-74.8174951506159,39.0305920336415],[-74.817594843764,39.030637974462],[-74.8183629895112,39.0309964615],[-74.8185762700651,39.0310933835538]]}},{"type":"Feature","id":113593,"properties":{"OBJECTID":113593,"PRIMENAME":"Hoffman Avenue","ELEVTYP_F":0,"ELEVTYP_T":0},"geometry":{"type":"LineString","coordinates":[[-74.792927400056,39.0125207395013],[-74.7929069401483,39.0124922335736],[-74.7928986659413,39.0124573279609],[-74.7928228553162,39.0118600256875]]}},{"type":"Feature","id":113927,"properties":{"OBJECTID":113927,"PRIMENAME":"West 13th Avenue","ELEVTYP_F":0,"ELEVTYP_T":0},"geometry":{"type":"LineString","coordinates":[[-74.8031127556953,39.0024484071679],[-74.8037705600529,39.0029319954657],[-74.8045703568918,39.0035198806128]]}},{"type":"Feature","id":114021,"properties":{"OBJECTID":114021,"PRIMENAME":"New York Avenue","ELEVTYP_F":0,"ELEVTYP_T":0},"geometry":{"type":"LineString","coordinates":[[-74.8135979296203,38.9936996194197],[-74.8140836613095,38.9932834165396],[-74.8141379989788,38.9932300562384]]}},{"type":"Feature","id":114032,"properties":{"OBJECTID":114032,"PRIMENAME":"Atlantic Avenue","ELEVTYP_F":0,"ELEVTYP_T":0},"geometry":{"type":"LineString","coordinates":[[-74.8032148115152,38.9953918654529],[-74.8027342357587,38.9957896122321],[-74.8025649843417,38.9959295400597]]}},{"type":"Feature","id":114172,"properties":{"OBJECTID":114172,"PRIMENAME":"Mace Avenue","ELEVTYP_F":0,"ELEVTYP_T":0},"geometry":{"type":"LineString","coordinates":[[-74.7928228553162,39.0118600256875],[-74.7934557664335,39.0118430306658]]}},{"type":"Feature","id":114617,"properties":{"OBJECTID":114617,"PRIMENAME":"Atlantic Avenue","ELEVTYP_F":0,"ELEVTYP_T":0},"geometry":{"type":"LineString","coordinates":[[-74.7993060702228,38.9986287828927],[-74.7992510166802,38.9986742303176],[-74.7986552488737,38.9991700352035]]}},{"type":"Feature","id":114871,"properties":{"OBJECTID":114871,"PRIMENAME":"Surf Avenue","ELEVTYP_F":0,"ELEVTYP_T":0},"geometry":{"type":"LineString","coordinates":[[-74.8035222659911,38.9925645274734],[-74.8037465865005,38.9923785170856],[-74.8041745137536,38.9920259626249]]}},{"type":"Feature","id":115646,"properties":{"OBJECTID":115646,"PRIMENAME":"Atlantic Avenue","ELEVTYP_F":0,"ELEVTYP_T":0},"geometry":{"type":"LineString","coordinates":[[-74.7927944229208,39.0040331012885],[-74.7923865099623,39.004371971993],[-74.7921465836384,39.0045705753661]]}},{"type":"Feature","id":116150,"properties":{"OBJECTID":116150,"PRIMENAME":"New York Avenue","ELEVTYP_F":0,"ELEVTYP_T":0},"geometry":{"type":"LineString","coordinates":[[-74.7972555977332,39.0073048763323],[-74.7976205819402,39.0070027273464],[-74.7979033908789,39.0067679787516]]}},{"type":"Feature","id":117388,"properties":{"OBJECTID":117388,"PRIMENAME":"East 5th Avenue","ELEVTYP_F":0,"ELEVTYP_T":0},"geometry":{"type":"LineString","coordinates":[[-74.7934451957764,39.0034926514602],[-74.7941072138159,39.0039793312507],[-74.794886019512,39.004553853381]]}},{"type":"Feature","id":117990,"properties":{"OBJECTID":117990,"PRIMENAME":"West 8th Avenue","ELEVTYP_F":0,"ELEVTYP_T":0},"geometry":{"type":"LineString","coordinates":[[-74.7998536354615,39.0051476640971],[-74.799342371102,39.0047718643507],[-74.7983988359384,39.0040723907315]]}},{"type":"Feature","id":118250,"properties":{"OBJECTID":118250,"PRIMENAME":"New York Avenue","ELEVTYP_F":0,"ELEVTYP_T":0},"geometry":{"type":"LineString","coordinates":[[-74.8115702650504,38.9954318808633],[-74.8119515379727,38.9951087755007]]}},{"type":"Feature","id":119249,"properties":{"OBJECTID":119249,"PRIMENAME":"Ash Avenue","ELEVTYP_F":0,"ELEVTYP_T":0},"geometry":{"type":"LineString","coordinates":[[-74.8042635818581,39.0267036359746],[-74.80073594055,39.0241336758079],[-74.800914121142,39.0239337156413]]}},{"type":"Feature","id":120250,"properties":{"OBJECTID":120250,"PRIMENAME":"Central Avenue","ELEVTYP_F":0,"ELEVTYP_T":0},"geometry":{"type":"LineString","coordinates":[[-74.808024246042,38.9938330589532],[-74.8077628775089,38.9940508622166],[-74.8073709633895,38.9943736252599]]}},{"type":"Feature","id":120591,"properties":{"OBJECTID":120591,"PRIMENAME":"Delaware Avenue","ELEVTYP_F":0,"ELEVTYP_T":0},"geometry":{"type":"LineString","coordinates":[[-74.802765238302,39.0050210849351],[-74.8027529295153,39.0050314137303],[-74.8027084910746,39.0050663743838],[-74.8026825943691,39.0050838219043],[-74.8026491665469,39.0051013177829],[-74.8026157596484,39.0051071978817],[-74.8025859979921,39.0051014816285]]}},{"type":"Feature","id":120979,"properties":{"OBJECTID":120979,"PRIMENAME":"West Spruce Avenue","ELEVTYP_F":0,"ELEVTYP_T":0},"geometry":{"type":"LineString","coordinates":[[-74.7989364203917,39.0177348451231],[-74.7989125196644,39.0180354099061],[-74.7988845187033,39.0185242937658],[-74.7988897718975,39.0187519636846],[-74.7988987379594,39.0189670489762],[-74.7989221949301,39.0191879734386],[-74.7989553420872,39.0194113711401],[-74.7989684021439,39.0194701259901]]}},{"type":"Feature","id":121040,"properties":{"OBJECTID":121040,"PRIMENAME":"New Jersey Avenue","ELEVTYP_F":0,"ELEVTYP_T":0},"geometry":{"type":"LineString","coordinates":[[-74.8137658257017,38.9920714350876],[-74.8136397488387,38.9921652143588],[-74.8134897098652,38.9922667197221],[-74.8133479310084,38.9923585094136],[-74.8131852575947,38.9924437372712],[-74.8131014647592,38.9924876486433]]}},{"type":"Feature","id":121097,"properties":{"OBJECTID":121097,"PRIMENAME":"Surf Avenue","ELEVTYP_F":0,"ELEVTYP_T":0},"geometry":{"type":"LineString","coordinates":[[-74.8048281946777,38.9914874173761],[-74.8051340664235,38.9912354281307],[-74.8054789902194,38.9909510173377]]}},{"type":"Feature","id":121111,"properties":{"OBJECTID":121111,"PRIMENAME":"West Maple Avenue","ELEVTYP_F":0,"ELEVTYP_T":0},"geometry":{"type":"LineString","coordinates":[[-74.8141379989788,38.9932300562384],[-74.8146418763184,38.9935838451606],[-74.815418390847,38.9941380553187],[-74.8157459173557,38.9943706480694]]}},{"type":"Feature","id":121527,"properties":{"OBJECTID":121527,"PRIMENAME":"West Juniper Avenue","ELEVTYP_F":0,"ELEVTYP_T":0},"geometry":{"type":"LineString","coordinates":[[-74.8135369046793,38.9962403418529],[-74.8143231283057,38.9968053513939],[-74.8147863687647,38.9971304456081]]}},{"type":"Feature","id":121787,"properties":{"OBJECTID":121787,"PRIMENAME":"Atlantic Avenue","ELEVTYP_F":0,"ELEVTYP_T":0},"geometry":{"type":"LineString","coordinates":[[-74.8103626772382,38.989660930051],[-74.8100805063392,38.9899039731178],[-74.8097822630268,38.9901327524417]]}},{"type":"Feature","id":121796,"properties":{"OBJECTID":121796,"PRIMENAME":"West Oak Avenue","ELEVTYP_F":0,"ELEVTYP_T":0},"geometry":{"type":"LineString","coordinates":[[-74.8187570773104,38.9937250691455],[-74.8182727978488,38.9933603162014],[-74.8179767526645,38.9931499681225],[-74.8175348061334,38.99283940977]]}},{"type":"Feature","id":122161,"properties":{"OBJECTID":122161,"PRIMENAME":"West 11th Avenue","ELEVTYP_F":0,"ELEVTYP_T":0},"geometry":{"type":"LineString","coordinates":[[-74.8037706011437,39.0049628857443],[-74.8035269480689,39.0047795323034]]}},{"type":"Feature","id":122211,"properties":{"OBJECTID":122211,"PRIMENAME":"Central Avenue","ELEVTYP_F":0,"ELEVTYP_T":0},"geometry":{"type":"LineString","coordinates":[[-74.7924011061319,39.0067890099864],[-74.7917465281494,39.0073292713678]]}},{"type":"Feature","id":124711,"properties":{"OBJECTID":124711,"PRIMENAME":"FR RT 147 EB to CO 619","ELEVTYP_F":0,"ELEVTYP_T":0},"geometry":{"type":"LineString","coordinates":[[-74.8056501759854,39.0246370658594],[-74.8056352039914,39.0245853183042],[-74.8056276268932,39.0245421743954],[-74.8056272027557,39.0245010702087],[-74.805634322632,39.0244541249052],[-74.8056443839742,39.0244117311417],[-74.8056559879877,39.0243762519328],[-74.8056792990982,39.024337282747],[-74.8057099370683,39.0242994474551],[-74.8057537864388,39.0242558660814],[-74.8057976392271,39.0242214004753],[-74.805844438653,39.0241926935263],[-74.8059030093393,39.0241673609386],[-74.8059498936079,39.0241500495924],[-74.8060216941418,39.0241315738184],[-74.8060920508579,39.024121092409],[-74.8061683302742,39.0241208922324],[-74.8062446455572,39.0241287374844],[-74.8062989689451,39.024138863753],[-74.8063503903107,39.0241535838911],[-74.8063973819566,39.0241694687411],[-74.8064503014869,39.0241968149446],[-74.8065003337272,39.0242321593301],[-74.8065489532274,39.0242743728535],[-74.8065931714141,39.024324587643],[-74.8066227409471,39.0243737148461],[-74.8066419925937,39.0244217439908],[-74.8066523944939,39.0244583176499],[-74.8066584656059,39.0245029221399],[-74.8066543077509,39.0245590025365],[-74.8066457300969,39.0246105362042],[-74.8066254104472,39.0246574883371],[-74.8065919350525,39.0247147997883],[-74.8065539803727,39.0247618252814],[-74.806494038491,39.024820304399],[-74.806421006472,39.0248800259227],[-74.8063113392221,39.0249661207592],[-74.8061694077401,39.0250967827912]]}},{"type":"Feature","id":125472,"properties":{"OBJECTID":125472,"PRIMENAME":"West 13th Avenue","ELEVTYP_F":0,"ELEVTYP_T":0},"geometry":{"type":"LineString","coordinates":[[-74.8045703568918,39.0035198806128],[-74.8048337109201,39.0037134872099]]}},{"type":"Feature","id":125806,"properties":{"OBJECTID":125806,"PRIMENAME":"West Ocean Drive","ELEVTYP_F":0,"ELEVTYP_T":0},"geometry":{"type":"LineString","coordinates":[[-74.8061694077401,39.0250967827912],[-74.8060967299682,39.0251653991622]]}},{"type":"Feature","id":126588,"properties":{"OBJECTID":126588,"PRIMENAME":"Saint Demetrios Avenue","ELEVTYP_F":0,"ELEVTYP_T":0},"geometry":{"type":"LineString","coordinates":[[-74.793364371326,39.0115718076065],[-74.793371148655,39.0115766786374],[-74.7934160870458,39.0116178629066],[-74.7934406561467,39.0116527284037],[-74.7934530694515,39.0117098379089],[-74.7934557664335,39.0118430306658]]}},{"type":"Feature","id":126809,"properties":{"OBJECTID":126809,"PRIMENAME":"East 25th Avenue","ELEVTYP_F":0,"ELEVTYP_T":0},"geometry":{"type":"LineString","coordinates":[[-74.8064684791608,38.992695271069],[-74.8078714381095,38.9937207182508],[-74.8079144317533,38.9937522917823]]}},{"type":"Feature","id":128862,"properties":{"OBJECTID":128862,"PRIMENAME":"New Jersey Avenue","ELEVTYP_F":0,"ELEVTYP_T":0},"geometry":{"type":"LineString","coordinates":[[-74.8042546906247,38.9992136420227],[-74.8036060404724,38.9997528838425]]}},{"type":"Feature","id":129116,"properties":{"OBJECTID":129116,"PRIMENAME":"New York Avenue","ELEVTYP_F":0,"ELEVTYP_T":0},"geometry":{"type":"LineString","coordinates":[[-74.8089719076534,38.9975870512482],[-74.8090605761982,38.9975131456234],[-74.8096257497434,38.9970498521027]]}},{"type":"Feature","id":129556,"properties":{"OBJECTID":129556,"PRIMENAME":"Surf Avenue","ELEVTYP_F":0,"ELEVTYP_T":0},"geometry":{"type":"LineString","coordinates":[[-74.7918059535916,39.0022801109326],[-74.7923375211238,39.0018402699762],[-74.7924553233393,39.0017427455295]]}},{"type":"Feature","id":130319,"properties":{"OBJECTID":130319,"PRIMENAME":"West 4th Avenue","ELEVTYP_F":0,"ELEVTYP_T":0},"geometry":{"type":"LineString","coordinates":[[-74.7981536382737,39.0079653731366],[-74.7972555977332,39.0073048763323]]}},{"type":"Feature","id":130422,"properties":{"OBJECTID":130422,"PRIMENAME":"West 17th Avenue","ELEVTYP_F":0,"ELEVTYP_T":0},"geometry":{"type":"LineString","coordinates":[[-74.8057159988705,39.0002912423404],[-74.8062494305649,39.0006827447802],[-74.8071758490084,39.0013633912277]]}},{"type":"Feature","id":130815,"properties":{"OBJECTID":130815,"PRIMENAME":"East Poplar Avenue","ELEVTYP_F":0,"ELEVTYP_T":0},"geometry":{"type":"LineString","coordinates":[[-74.8110446269928,38.9936113650613],[-74.8104290993486,38.993171500876],[-74.8099090531726,38.9928081262321]]}},{"type":"Feature","id":131041,"properties":{"OBJECTID":131041,"PRIMENAME":"Atlantic Avenue","ELEVTYP_F":0,"ELEVTYP_T":0},"geometry":{"type":"LineString","coordinates":[[-74.8025649843417,38.9959295400597],[-74.8019127969985,38.9964688638968]]}},{"type":"Feature","id":131691,"properties":{"OBJECTID":131691,"PRIMENAME":"Maryland Avenue","ELEVTYP_F":0,"ELEVTYP_T":0},"geometry":{"type":"LineString","coordinates":[[-74.7949634855297,39.0137668837125],[-74.7954255859561,39.0133812161976],[-74.7956127133586,39.0132268381982]]}},{"type":"Feature","id":131807,"properties":{"OBJECTID":131807,"PRIMENAME":"New Jersey Avenue","ELEVTYP_F":0,"ELEVTYP_T":0},"geometry":{"type":"LineString","coordinates":[[-74.8123876899946,38.992846932691],[-74.812042300354,38.993021037146],[-74.8118170532257,38.9931358111886],[-74.8116887787184,38.9932030421547]]}},{"type":"Feature","id":132000,"properties":{"OBJECTID":132000,"PRIMENAME":"West Poplar Avenue","ELEVTYP_F":0,"ELEVTYP_T":0},"geometry":{"type":"LineString","coordinates":[[-74.8200916917165,39.0000931559642],[-74.8197911924645,38.9998776900829],[-74.8192180474188,38.9994576919097],[-74.8183094441257,38.9987838749829],[-74.8178376182207,38.9984333923219],[-74.8177686324145,38.9983873335297],[-74.817724572182,38.9983579151271],[-74.8177143197075,38.9983471516091],[-74.8177050051973,38.9983336676327],[-74.8176993037198,38.998310013886],[-74.8177009173523,38.9982851600902],[-74.8177081425889,38.9982721247491],[-74.8177163615848,38.9982608442849],[-74.8177705718065,38.998218246193],[-74.8178906554191,38.9981208817313],[-74.817995169751,38.9980356680778],[-74.8181074824506,38.997947412475],[-74.8181725790033,38.9978842457393]]}},{"type":"Feature","id":133179,"properties":{"OBJECTID":133179,"PRIMENAME":"West 15th Avenue","ELEVTYP_F":0,"ELEVTYP_T":0},"geometry":{"type":"LineString","coordinates":[[-74.8061296193871,39.002628263847],[-74.8063159826623,39.0027659174583]]}},{"type":"Feature","id":133241,"properties":{"OBJECTID":133241,"PRIMENAME":"East 13th Avenue","ELEVTYP_F":0,"ELEVTYP_T":0},"geometry":{"type":"LineString","coordinates":[[-74.7955143897397,38.9968629895368],[-74.7967067617677,38.9977409655481],[-74.7970140855691,38.9979663309483]]}},{"type":"Feature","id":133284,"properties":{"OBJECTID":133284,"PRIMENAME":"Anglesea Drive","ELEVTYP_F":0,"ELEVTYP_T":0},"geometry":{"type":"LineString","coordinates":[[-74.7945054260539,39.0125146243748],[-74.7945250352898,39.0128554147601],[-74.7945416584997,39.0131549703433]]}},{"type":"Feature","id":133742,"properties":{"OBJECTID":133742,"PRIMENAME":"West 24th Avenue","ELEVTYP_F":0,"ELEVTYP_T":0},"geometry":{"type":"LineString","coordinates":[[-74.8102752679765,38.9965076636671],[-74.8088201152859,38.9954354302555]]}},{"type":"Feature","id":134311,"properties":{"OBJECTID":134311,"PRIMENAME":"Virginia Avenue","ELEVTYP_F":0,"ELEVTYP_T":0},"geometry":{"type":"LineString","coordinates":[[-74.7957757874927,39.0153846738617],[-74.796426387739,39.0148424512052]]}},{"type":"Feature","id":134928,"properties":{"OBJECTID":134928,"PRIMENAME":"Old North Wildwood Boulevard East","ELEVTYP_F":0,"ELEVTYP_T":0},"geometry":{"type":"LineString","coordinates":[[-74.8069118763531,39.026325921123],[-74.8070151587648,39.0263256493415],[-74.8072254885893,39.0263250955884],[-74.8072734351705,39.0263253539689]]}},{"type":"Feature","id":135705,"properties":{"OBJECTID":135705,"PRIMENAME":"New Jersey Avenue","ELEVTYP_F":0,"ELEVTYP_T":0},"geometry":{"type":"LineString","coordinates":[[-74.810110883561,38.9943576702192],[-74.8099375149933,38.9945012997211],[-74.8094678726545,38.994894843564]]}},{"type":"Feature","id":137473,"properties":{"OBJECTID":137473,"PRIMENAME":"East 12th Avenue","ELEVTYP_F":0,"ELEVTYP_T":0},"geometry":{"type":"LineString","coordinates":[[-74.7995574968696,39.0008497657762],[-74.8000638516083,39.0012195642374],[-74.8010043468986,39.0019127166574]]}},{"type":"Feature","id":139619,"properties":{"OBJECTID":139619,"PRIMENAME":"East Garfield Avenue","ELEVTYP_F":0,"ELEVTYP_T":0},"geometry":{"type":"LineString","coordinates":[[-74.8140570034883,38.9867336999052],[-74.8151873710879,38.9876755780167],[-74.8156974715863,38.9880992827704]]}},{"type":"Feature","id":141771,"properties":{"OBJECTID":141771,"PRIMENAME":"Hoffman Canal Avenue","ELEVTYP_F":0,"ELEVTYP_T":0},"geometry":{"type":"LineString","coordinates":[[-74.8035269480689,39.0047795323034],[-74.8036058308331,39.0047182323884],[-74.8039443316946,39.004445486147],[-74.8041771772122,39.0042531100798]]}},{"type":"Feature","id":143377,"properties":{"OBJECTID":143377,"PRIMENAME":"Central Avenue","ELEVTYP_F":0,"ELEVTYP_T":0},"geometry":{"type":"LineString","coordinates":[[-74.8041166381548,38.9970745014865],[-74.8034686006388,38.9976131366382]]}},{"type":"Feature","id":144499,"properties":{"OBJECTID":144499,"PRIMENAME":"East Schellenger Avenue","ELEVTYP_F":0,"ELEVTYP_T":0},"geometry":{"type":"LineString","coordinates":[[-74.8127244146153,38.9877134522978],[-74.8123425922909,38.9873974679217],[-74.8117734166889,38.9869190994631]]}},{"type":"Feature","id":146780,"properties":{"OBJECTID":146780,"PRIMENAME":"Atlantic Avenue","ELEVTYP_F":0,"ELEVTYP_T":0},"geometry":{"type":"LineString","coordinates":[[-74.8038658189423,38.9948528112009],[-74.803732267695,38.9949635967079],[-74.8032148115152,38.9953918654529]]}},{"type":"Feature","id":146783,"properties":{"OBJECTID":146783,"PRIMENAME":"East 12th Avenue","ELEVTYP_F":0,"ELEVTYP_T":0},"geometry":{"type":"LineString","coordinates":[[-74.796361762627,38.9985048834867],[-74.7968668597912,38.9988762360835],[-74.7980038590647,38.9997121636406]]}},{"type":"Feature","id":146798,"properties":{"OBJECTID":146798,"PRIMENAME":"Illinois Avenue","ELEVTYP_F":0,"ELEVTYP_T":0},"geometry":{"type":"LineString","coordinates":[[-74.7989684021439,39.0194701259901],[-74.7988738501071,39.0196353643694],[-74.7987959691509,39.0197140395817],[-74.7987291101141,39.0197686885103],[-74.7986372748906,39.019860469023]]}},{"type":"Feature","id":147051,"properties":{"OBJECTID":147051,"PRIMENAME":"Arctic Avenue","ELEVTYP_F":0,"ELEVTYP_T":0},"geometry":{"type":"LineString","coordinates":[[-74.8189717091807,38.9908242461914],[-74.8194835159741,38.9904514431345],[-74.8196402362409,38.9903362654583]]}},{"type":"Feature","id":147437,"properties":{"OBJECTID":147437,"PRIMENAME":"Ent Avenue","ELEVTYP_F":0,"ELEVTYP_T":0},"geometry":{"type":"LineString","coordinates":[[-74.7934986521611,39.0125201001284],[-74.7929925629748,39.0125332888202],[-74.7929518775876,39.0125333909913],[-74.792927400056,39.0125207395013]]}},{"type":"Feature","id":147536,"properties":{"OBJECTID":147536,"PRIMENAME":"East 18th Avenue","ELEVTYP_F":0,"ELEVTYP_T":0},"geometry":{"type":"LineString","coordinates":[[-74.7987723261927,38.9941670117389],[-74.7984681172567,38.9939435103314],[-74.7977342586055,38.9933934168832]]}},{"type":"Feature","id":148190,"properties":{"OBJECTID":148190,"PRIMENAME":"East 10th Avenue","ELEVTYP_F":0,"ELEVTYP_T":0},"geometry":{"type":"LineString","coordinates":[[-74.7996994459476,39.0029921688211],[-74.7989393382026,39.0024338310029],[-74.7982519907138,39.0019284071423]]}},{"type":"Feature","id":148530,"properties":{"OBJECTID":148530,"PRIMENAME":"Ocean Avenue","ELEVTYP_F":0,"ELEVTYP_T":0},"geometry":{"type":"LineString","coordinates":[[-74.7916073730601,39.0001021434559],[-74.7916766704301,39.0000447474165],[-74.7922613808964,38.9995592477755]]}},{"type":"Feature","id":148640,"properties":{"OBJECTID":148640,"PRIMENAME":"West 17th Avenue","ELEVTYP_F":0,"ELEVTYP_T":0},"geometry":{"type":"LineString","coordinates":[[-74.8071758490084,39.0013633912277],[-74.8078877178993,39.0018864627859],[-74.8086325058789,39.0024352543732]]}},{"type":"Feature","id":148834,"properties":{"OBJECTID":148834,"PRIMENAME":"East 4th Avenue","ELEVTYP_F":0,"ELEVTYP_T":0},"geometry":{"type":"LineString","coordinates":[[-74.79579158228,39.0062316816374],[-74.795151672522,39.0057634621195],[-74.7943495738614,39.0051763976081]]}},{"type":"Feature","id":148854,"properties":{"OBJECTID":148854,"PRIMENAME":"New Jersey Avenue","ELEVTYP_F":0,"ELEVTYP_T":0},"geometry":{"type":"LineString","coordinates":[[-74.8116887787184,38.9932030421547],[-74.8116418790148,38.9932276610141],[-74.8114542578341,38.9933456012856],[-74.8112457788901,38.9934733721667],[-74.8110446269928,38.9936113650613]]}},{"type":"Feature","id":149759,"properties":{"OBJECTID":149759,"PRIMENAME":"East 14th Avenue","ELEVTYP_F":0,"ELEVTYP_T":0},"geometry":{"type":"LineString","coordinates":[[-74.8007527057951,38.9996856967291],[-74.8005731770691,38.9995536730448],[-74.7993060702228,38.9986287828927]]}},{"type":"Feature","id":150118,"properties":{"OBJECTID":150118,"PRIMENAME":"New York Avenue","ELEVTYP_F":0,"ELEVTYP_T":0},"geometry":{"type":"LineString","coordinates":[[-74.8083210339508,38.9981295107009],[-74.8089719076534,38.9975870512482]]}},{"type":"Feature","id":150309,"properties":{"OBJECTID":150309,"PRIMENAME":"Seaspray Court","ELEVTYP_F":0,"ELEVTYP_T":0},"geometry":{"type":"LineString","coordinates":[[-74.7948725989814,39.0182698893001],[-74.794921601428,39.0185678906941]]}},{"type":"Feature","id":150712,"properties":{"OBJECTID":150712,"PRIMENAME":"East 10th Avenue","ELEVTYP_F":0,"ELEVTYP_T":0},"geometry":{"type":"LineString","coordinates":[[-74.7982519907138,39.0019284071423],[-74.7981994302375,39.0018897431372],[-74.7981454941061,39.0018500934762]]}},{"type":"Feature","id":150749,"properties":{"OBJECTID":150749,"PRIMENAME":"Ohio Avenue","ELEVTYP_F":0,"ELEVTYP_T":0},"geometry":{"type":"LineString","coordinates":[[-74.7984513597247,39.0154413586795],[-74.7984200094859,39.0154765156861],[-74.7979820176084,39.0158364047665],[-74.797890725066,39.0159139876016]]}},{"type":"Feature","id":150827,"properties":{"OBJECTID":150827,"PRIMENAME":"Taylor Avenue","ELEVTYP_F":0,"ELEVTYP_T":0},"geometry":{"type":"LineString","coordinates":[[-74.7934734271749,39.0121732275435],[-74.7943883292882,39.012123584034]]}},{"type":"Feature","id":150896,"properties":{"OBJECTID":150896,"PRIMENAME":"East 4th Avenue","ELEVTYP_F":0,"ELEVTYP_T":0},"geometry":{"type":"LineString","coordinates":[[-74.7943495738614,39.0051763976081],[-74.7942918952238,39.0051342025868],[-74.7942354882339,39.0050929376228]]}},{"type":"Feature","id":151583,"properties":{"OBJECTID":151583,"PRIMENAME":"Old North Wildwood Boulevard","ELEVTYP_F":0,"ELEVTYP_T":0},"geometry":{"type":"LineString","coordinates":[[-74.8072734351705,39.0263253539689],[-74.8072954542118,39.0263254554185],[-74.8076202539061,39.026326965907],[-74.807718024544,39.0263385705459],[-74.8077993663075,39.0263522769154],[-74.8079082646234,39.0263809025859],[-74.8079710941066,39.0264036374577],[-74.8080237221951,39.0264282378858],[-74.8081227064541,39.0264839089888],[-74.8082374262357,39.0265641958325],[-74.8083818069782,39.0266731532569],[-74.8085335576336,39.0267850007809],[-74.8087741167242,39.0269599046898],[-74.8091294346445,39.027215093947],[-74.809462601543,39.0274674851518],[-74.8097993929178,39.0277111895968],[-74.8100177133636,39.0278544901936],[-74.8101323242341,39.027908855038],[-74.8104464596005,39.0280260346018]]}},{"type":"Feature","id":151775,"properties":{"OBJECTID":151775,"PRIMENAME":"East 22nd Avenue","ELEVTYP_F":0,"ELEVTYP_T":0},"geometry":{"type":"LineString","coordinates":[[-74.8060644063322,38.9954555422323],[-74.8060102232307,38.9954157878059],[-74.8059526875389,38.9953735701756]]}},{"type":"Feature","id":151826,"properties":{"OBJECTID":151826,"PRIMENAME":"Mulberry Avenue","ELEVTYP_F":0,"ELEVTYP_T":0},"geometry":{"type":"LineString","coordinates":[[-74.796426387739,39.0148424512052],[-74.7955235381206,39.0141767093499],[-74.7949634855297,39.0137668837125]]}},{"type":"Feature","id":152651,"properties":{"OBJECTID":152651,"PRIMENAME":"Anglesea Drive","ELEVTYP_F":0,"ELEVTYP_T":0},"geometry":{"type":"LineString","coordinates":[[-74.7943883292882,39.012123584034],[-74.7944695566272,39.012275745289],[-74.7944919947113,39.0123481512186],[-74.7944952017252,39.0123805507014],[-74.7945012145401,39.0124413211273],[-74.7945054260539,39.0125146243748]]}},{"type":"Feature","id":152881,"properties":{"OBJECTID":152881,"PRIMENAME":"Seaview Court","ELEVTYP_F":0,"ELEVTYP_T":0},"geometry":{"type":"LineString","coordinates":[[-74.7948691715894,39.0167173192359],[-74.794631598131,39.0167348889892],[-74.794747599984,39.017720890331]]}},{"type":"Feature","id":154661,"properties":{"OBJECTID":154661,"PRIMENAME":"Delaware Avenue","ELEVTYP_F":0,"ELEVTYP_T":0},"geometry":{"type":"LineString","coordinates":[[-74.8045703568918,39.0035198806128],[-74.8040901186088,39.0039171091072],[-74.8039168215483,39.0040611680106]]}},{"type":"Feature","id":155755,"properties":{"OBJECTID":155755,"PRIMENAME":"West 9th Avenue","ELEVTYP_F":0,"ELEVTYP_T":0},"geometry":{"type":"LineString","coordinates":[[-74.7990457368262,39.0035333204684],[-74.8003528002782,39.0044918559995],[-74.8005064660862,39.0046047806683]]}},{"type":"Feature","id":155798,"properties":{"OBJECTID":155798,"PRIMENAME":"New Jersey Avenue","ELEVTYP_F":0,"ELEVTYP_T":0},"geometry":{"type":"LineString","coordinates":[[-74.8110446269928,38.9936113650613],[-74.8109831658323,38.9936535127411],[-74.8107165001874,38.9938565094163],[-74.8104666672012,38.9940631118897]]}},{"type":"Feature","id":155920,"properties":{"OBJECTID":155920,"PRIMENAME":"FR RT 147 EB to ANGLESEA DR","ELEVTYP_F":0,"ELEVTYP_T":0},"geometry":{"type":"LineString","coordinates":[[-74.799376674333,39.0203971132808],[-74.7991718627771,39.0196148581449],[-74.7991176928632,39.0193561484585],[-74.7990948261446,39.0191836590691],[-74.7990900630272,39.0190974247459],[-74.7991029690407,39.019011063142],[-74.7991378628132,39.0188971040632],[-74.7991722234927,39.0188125936524],[-74.7992867573636,39.0185308955095],[-74.7994575299818,39.0181197362216],[-74.799483768967,39.0180403147958],[-74.7994915209159,39.0180087999226],[-74.7994923129561,39.0179712626492],[-74.79949123725,39.017941555943],[-74.7994840171529,39.0179154612442],[-74.7994768016972,39.0178904655824],[-74.7994588650409,39.0178604994689],[-74.7994394989472,39.017833859394],[-74.7994144642068,39.0178067131677],[-74.7993873084685,39.0177856675991],[-74.7993594393935,39.0177707190749],[-74.7993194856229,39.0177530557289],[-74.7992780770328,39.017740915672],[-74.7992374897557,39.0177315742679],[-74.7991860457238,39.0177270109296],[-74.7990448473308,39.0177306683092]]}},{"type":"Feature","id":157431,"properties":{"OBJECTID":157431,"PRIMENAME":"East 6th Avenue","ELEVTYP_F":0,"ELEVTYP_T":0},"geometry":{"type":"LineString","coordinates":[[-74.7924553233393,39.0017427455295],[-74.791050393617,39.0007106663343],[-74.7909559781806,39.0006413497926]]}},{"type":"Feature","id":158432,"properties":{"OBJECTID":158432,"PRIMENAME":"Central Avenue","ELEVTYP_F":0,"ELEVTYP_T":0},"geometry":{"type":"LineString","coordinates":[[-74.8034686006388,38.9976131366382],[-74.8028171181631,38.9981546058058]]}},{"type":"Feature","id":158867,"properties":{"OBJECTID":158867,"PRIMENAME":"Atlantic Avenue","ELEVTYP_F":0,"ELEVTYP_T":0},"geometry":{"type":"LineString","coordinates":[[-74.7934451957764,39.0034926514602],[-74.7933807004882,39.0035461104848],[-74.7927944229208,39.0040331012885]]}},{"type":"Feature","id":159447,"properties":{"OBJECTID":159447,"PRIMENAME":"FR RT 147 WB to N WILDWOOD BLVD","ELEVTYP_F":0,"ELEVTYP_T":0},"geometry":{"type":"LineString","coordinates":[[-74.8072495334842,39.0260733782623],[-74.8072246416194,39.0261294303939],[-74.8072001038724,39.0261613746063],[-74.8071708711873,39.0261906123845],[-74.8071180524859,39.0262275452304],[-74.8070444444128,39.0262680479253],[-74.8069118763531,39.026325921123]]}},{"type":"Feature","id":159666,"properties":{"OBJECTID":159666,"PRIMENAME":"West 14th Avenue","ELEVTYP_F":0,"ELEVTYP_T":0},"geometry":{"type":"LineString","coordinates":[[-74.8054868865366,39.0031644797138],[-74.8053975544322,39.0030994343918],[-74.8052279881184,39.0029759690042]]}},{"type":"Feature","id":159764,"properties":{"OBJECTID":159764,"PRIMENAME":"Ocean Avenue","ELEVTYP_F":0,"ELEVTYP_T":0},"geometry":{"type":"LineString","coordinates":[[-74.7935605003263,38.9984818430145],[-74.7942115758961,38.9979430894421]]}},{"type":"Feature","id":159792,"properties":{"OBJECTID":159792,"PRIMENAME":"North Wildwood Boulevard","ELEVTYP_F":0,"ELEVTYP_T":0},"geometry":{"type":"LineString","coordinates":[[-74.8004687230951,39.0221113045164],[-74.8005443714188,39.022184581045],[-74.8006510085109,39.0222797514266],[-74.8008093234839,39.0224174306462],[-74.8010256710489,39.0225851089729],[-74.8012324059836,39.0227352386503],[-74.8013776904471,39.0228378325305],[-74.8015778292336,39.0229678786538],[-74.8018198182586,39.0231053680628],[-74.8020037657907,39.0232103591986],[-74.8022682879972,39.0233402383291],[-74.8026650691889,39.0235300718938],[-74.8031456845851,39.0237573313784],[-74.8035778854254,39.0239640113268]]}},{"type":"Feature","id":159999,"properties":{"OBJECTID":159999,"PRIMENAME":"Hudson Avenue","ELEVTYP_F":0,"ELEVTYP_T":0},"geometry":{"type":"LineString","coordinates":[[-74.8181531186257,38.994245570794],[-74.8183794851792,38.9940523604256],[-74.8187186917687,38.9937570528637],[-74.8187570773104,38.9937250691455]]}},{"type":"Feature","id":160242,"properties":{"OBJECTID":160242,"PRIMENAME":"East 7th Avenue","ELEVTYP_F":0,"ELEVTYP_T":0},"geometry":{"type":"LineString","coordinates":[[-74.7916073730601,39.0001021434559],[-74.7918273668335,39.000262856909],[-74.7931087825228,39.0012013564616]]}},{"type":"Feature","id":160316,"properties":{"OBJECTID":160316,"PRIMENAME":"Beach Drive","ELEVTYP_F":0,"ELEVTYP_T":0},"geometry":{"type":"LineString","coordinates":[[-74.7875029237408,39.0011570658917],[-74.7871147280774,39.0014833756869],[-74.7869323084897,39.0016323470175],[-74.7869177500366,39.001652372067]]}},{"type":"Feature","id":160360,"properties":{"OBJECTID":160360,"PRIMENAME":"East Spicer Avenue","ELEVTYP_F":0,"ELEVTYP_T":0},"geometry":{"type":"LineString","coordinates":[[-74.8163653287715,38.9876116250806],[-74.816064671725,38.9873620463454],[-74.8147989327056,38.9863050511129],[-74.8147293329471,38.9862473024428]]}},{"type":"Feature","id":160532,"properties":{"OBJECTID":160532,"PRIMENAME":"West Lincoln Avenue","ELEVTYP_F":0,"ELEVTYP_T":0},"geometry":{"type":"LineString","coordinates":[[-74.8189200972734,38.9918207148669],[-74.8198715945424,38.9926156657391],[-74.8200641144791,38.9927764284409]]}},{"type":"Feature","id":160552,"properties":{"OBJECTID":160552,"PRIMENAME":"Pacific Avenue","ELEVTYP_F":0,"ELEVTYP_T":0},"geometry":{"type":"LineString","coordinates":[[-74.8143623547378,38.989072882356],[-74.8140201996038,38.9893290302518],[-74.8139644336862,38.9893688570843]]}},{"type":"Feature","id":160806,"properties":{"OBJECTID":160806,"PRIMENAME":"Atlantic Avenue","ELEVTYP_F":0,"ELEVTYP_T":0},"geometry":{"type":"LineString","coordinates":[[-74.8071219066748,38.9921589316402],[-74.8066525130191,38.992543546903],[-74.8064684791608,38.992695271069]]}},{"type":"Feature","id":161050,"properties":{"OBJECTID":161050,"PRIMENAME":"Surf Avenue","ELEVTYP_F":0,"ELEVTYP_T":0},"geometry":{"type":"LineString","coordinates":[[-74.8028701914319,38.9931051475652],[-74.8035222659911,38.9925645274734]]}},{"type":"Feature","id":161178,"properties":{"OBJECTID":161178,"PRIMENAME":"Hudson Avenue","ELEVTYP_F":0,"ELEVTYP_T":0},"geometry":{"type":"LineString","coordinates":[[-74.8158851968721,38.996185900888],[-74.816432347375,38.9957175711206]]}},{"type":"Feature","id":161317,"properties":{"OBJECTID":161317,"PRIMENAME":"West Walnut Avenue","ELEVTYP_F":0,"ELEVTYP_T":0},"geometry":{"type":"LineString","coordinates":[[-74.7939362784993,39.0100733959326],[-74.7940405182707,39.010089169493],[-74.7941301701721,39.0101174999117],[-74.7942688491746,39.0102060607248],[-74.7949342390403,39.0106996452815],[-74.7954545411218,39.0110776932031]]}},{"type":"Feature","id":162288,"properties":{"OBJECTID":162288,"PRIMENAME":"North New York Avenue","ELEVTYP_F":0,"ELEVTYP_T":0},"geometry":{"type":"LineString","coordinates":[[-74.7939362784993,39.0100733959326],[-74.7940096311178,39.0100029835414],[-74.7941201761636,39.0098968698935],[-74.7944612025405,39.0096161552178],[-74.7946446356444,39.009464067186]]}},{"type":"Feature","id":162318,"properties":{"OBJECTID":162318,"PRIMENAME":"East 16th Avenue","ELEVTYP_F":0,"ELEVTYP_T":0},"geometry":{"type":"LineString","coordinates":[[-74.8036060404724,38.9997528838425],[-74.802851644941,38.9991965067014],[-74.8021661102039,38.9986943404131]]}},{"type":"Feature","id":162720,"properties":{"OBJECTID":162720,"PRIMENAME":"West Spicer Avenue","ELEVTYP_F":0,"ELEVTYP_T":0},"geometry":{"type":"LineString","coordinates":[[-74.8196402362409,38.9903362654583],[-74.8185146679622,38.9893968611033],[-74.8180056001558,38.9889737434371]]}},{"type":"Feature","id":163063,"properties":{"OBJECTID":163063,"PRIMENAME":"Pacific Avenue","ELEVTYP_F":0,"ELEVTYP_T":0},"geometry":{"type":"LineString","coordinates":[[-74.8150308682083,38.9885861918136],[-74.8148452783557,38.9887297509042],[-74.8145618944319,38.9889328016063],[-74.8143701402806,38.9890670679217],[-74.8143623547378,38.989072882356]]}},{"type":"Feature","id":163321,"properties":{"OBJECTID":163321,"PRIMENAME":"East 7th Avenue","ELEVTYP_F":0,"ELEVTYP_T":0},"geometry":{"type":"LineString","coordinates":[[-74.7963017344664,39.0035507831755],[-74.7964763605906,39.0036794205373],[-74.7977451881094,39.0046158140433]]}},{"type":"Feature","id":163460,"properties":{"OBJECTID":163460,"PRIMENAME":"West Cherry Avenue","ELEVTYP_F":0,"ELEVTYP_T":0},"geometry":{"type":"LineString","coordinates":[[-74.7946443268531,39.0156323548897],[-74.7947458934982,39.0156636761922],[-74.7948437885953,39.0157173561362],[-74.7949458226703,39.0157933227336],[-74.7949971637256,39.0158329803294],[-74.7950560446949,39.0158660830892],[-74.7950942197465,39.0158797156469],[-74.7951190840251,39.0158833597914],[-74.7951415685231,39.0158817651409],[-74.7951638981017,39.0158767935518],[-74.7951859167515,39.0158675841962]]}},{"type":"Feature","id":164093,"properties":{"OBJECTID":164093,"PRIMENAME":"East 18th Avenue","ELEVTYP_F":0,"ELEVTYP_T":0},"geometry":{"type":"LineString","coordinates":[[-74.8002662847854,38.9952635169292],[-74.7999398708604,38.9950247816908],[-74.7987723261927,38.9941670117389]]}},{"type":"Feature","id":164348,"properties":{"OBJECTID":164348,"PRIMENAME":"Central Avenue","ELEVTYP_F":0,"ELEVTYP_T":0},"geometry":{"type":"LineString","coordinates":[[-74.8073709633895,38.9943736252599],[-74.8068439520896,38.9948075638735],[-74.8067169966251,38.9949131185441]]}},{"type":"Feature","id":164625,"properties":{"OBJECTID":164625,"PRIMENAME":"Surf Avenue","ELEVTYP_F":0,"ELEVTYP_T":0},"geometry":{"type":"LineString","coordinates":[[-74.7904982773081,39.003362459922],[-74.7909201559995,39.0030130172376],[-74.7911505768771,39.0028224307086]]}},{"type":"Feature","id":165192,"properties":{"OBJECTID":165192,"PRIMENAME":"New York Avenue","ELEVTYP_F":0,"ELEVTYP_T":0},"geometry":{"type":"LineString","coordinates":[[-74.8124961540585,38.9946441779098],[-74.8129660672127,38.9942363694982],[-74.8130495693249,38.9941655502172]]}},{"type":"Feature","id":165496,"properties":{"OBJECTID":165496,"PRIMENAME":"West 16th Avenue","ELEVTYP_F":0,"ELEVTYP_T":0},"geometry":{"type":"LineString","coordinates":[[-74.8050673394922,39.0008282959038],[-74.8045223007693,39.0004286078932],[-74.8036060404724,38.9997528838425]]}},{"type":"Feature","id":166148,"properties":{"OBJECTID":166148,"PRIMENAME":"Pacific Avenue","ELEVTYP_F":0,"ELEVTYP_T":0},"geometry":{"type":"LineString","coordinates":[[-74.8170383832119,38.9871238386133],[-74.8168411214256,38.9872594698733],[-74.8165453110867,38.9874821097316],[-74.8163653287715,38.9876116250806]]}},{"type":"Feature","id":166268,"properties":{"OBJECTID":166268,"PRIMENAME":"South West 15th Avenue","ELEVTYP_F":0,"ELEVTYP_T":0},"geometry":{"type":"LineString","coordinates":[[-74.8062129053391,39.0021606210869],[-74.8067952480085,39.0025800831951],[-74.8071805098406,39.0028724065085],[-74.8074400596193,39.0030641236407],[-74.807606310629,39.0031803831437],[-74.8076743558082,39.0032421497176]]}},{"type":"Feature","id":166453,"properties":{"OBJECTID":166453,"PRIMENAME":"Old North Wildwood Boulevard East","ELEVTYP_F":0,"ELEVTYP_T":0},"geometry":{"type":"LineString","coordinates":[[-74.8055732995167,39.0256269986669],[-74.8058434586564,39.0258279992764],[-74.8062321282584,39.0261147688645],[-74.8064022970664,39.0262294274491],[-74.8064799243901,39.0262637660542],[-74.8065796948627,39.0262980464139],[-74.8066719982276,39.0263150750546],[-74.8067864878146,39.0263262509526],[-74.8068766689333,39.0263260137484],[-74.8069118763531,39.026325921123]]}},{"type":"Feature","id":166649,"properties":{"OBJECTID":166649,"PRIMENAME":"East Garfield Avenue","ELEVTYP_F":0,"ELEVTYP_T":0},"geometry":{"type":"LineString","coordinates":[[-74.8156974715863,38.9880992827704],[-74.8161550663644,38.9884793860576],[-74.8173358369025,38.9894603723868]]}},{"type":"Feature","id":167334,"properties":{"OBJECTID":167334,"PRIMENAME":"Delaware Avenue","ELEVTYP_F":0,"ELEVTYP_T":0},"geometry":{"type":"LineString","coordinates":[[-74.8081660127777,39.000542740998],[-74.8078313010292,39.0008210632622]]}},{"type":"Feature","id":167664,"properties":{"OBJECTID":167664,"PRIMENAME":"New York Avenue","ELEVTYP_F":0,"ELEVTYP_T":0},"geometry":{"type":"LineString","coordinates":[[-74.8044163978251,39.00136875614],[-74.8050673394922,39.0008282959038]]}},{"type":"Feature","id":167994,"properties":{"OBJECTID":167994,"PRIMENAME":"East 17th Avenue","ELEVTYP_F":0,"ELEVTYP_T":0},"geometry":{"type":"LineString","coordinates":[[-74.8027000007866,38.9980694322063],[-74.8027600770893,38.998113127649],[-74.8028171181631,38.9981546058058]]}},{"type":"Feature","id":168037,"properties":{"OBJECTID":168037,"PRIMENAME":"East 20th Avenue","ELEVTYP_F":0,"ELEVTYP_T":0},"geometry":{"type":"LineString","coordinates":[[-74.8062088246743,38.9975974650575],[-74.805664450565,38.9971925914188],[-74.8047675406255,38.996533493152]]}},{"type":"Feature","id":168281,"properties":{"OBJECTID":168281,"PRIMENAME":"West 2nd Avenue","ELEVTYP_F":0,"ELEVTYP_T":0},"geometry":{"type":"LineString","coordinates":[[-74.7959542672227,39.0083832326255],[-74.7965113650805,39.0087938848312],[-74.7972640826366,39.0093488792932],[-74.7973003144032,39.0093734516581],[-74.7973228119209,39.009388708972],[-74.7973485649128,39.0094200834058],[-74.7973560048701,39.0094486208531],[-74.7973525001104,39.0094857533886],[-74.7973343546589,39.0095229502634]]}},{"type":"Feature","id":168478,"properties":{"OBJECTID":168478,"PRIMENAME":"West 26th Avenue","ELEVTYP_F":0,"ELEVTYP_T":0},"geometry":{"type":"LineString","coordinates":[[-74.8115702650504,38.9954318808633],[-74.8109261619981,38.9949554396296],[-74.810110883561,38.9943576702192]]}},{"type":"Feature","id":168776,"properties":{"OBJECTID":168776,"PRIMENAME":"West 7th Avenue","ELEVTYP_F":0,"ELEVTYP_T":0},"geometry":{"type":"LineString","coordinates":[[-74.7977451881094,39.0046158140433],[-74.7978945090671,39.0047260353418],[-74.799207282951,39.0056851724985]]}},{"type":"Feature","id":169016,"properties":{"OBJECTID":169016,"PRIMENAME":"East 5th Avenue","ELEVTYP_F":0,"ELEVTYP_T":0},"geometry":{"type":"LineString","coordinates":[[-74.7888027343819,39.0000776522907],[-74.7902012111749,39.0011091153421],[-74.7903022241125,39.0011825627457]]}},{"type":"Feature","id":169351,"properties":{"OBJECTID":169351,"PRIMENAME":"Hudson Avenue","ELEVTYP_F":0,"ELEVTYP_T":0},"geometry":{"type":"LineString","coordinates":[[-74.8153337715607,38.9966600330667],[-74.8155259637432,38.9964933627841],[-74.8158851968721,38.996185900888]]}},{"type":"Feature","id":169362,"properties":{"OBJECTID":169362,"PRIMENAME":"Surf Avenue","ELEVTYP_F":0,"ELEVTYP_T":0},"geometry":{"type":"LineString","coordinates":[[-74.7931087825228,39.0012013564616],[-74.7937584811603,39.0006631315905]]}},{"type":"Feature","id":169783,"properties":{"OBJECTID":169783,"PRIMENAME":"Lake Avenue","ELEVTYP_F":0,"ELEVTYP_T":0},"geometry":{"type":"LineString","coordinates":[[-74.8180339991003,38.9959954334734],[-74.8176928412219,38.9962903316688],[-74.8174874658661,38.9964661851528]]}},{"type":"Feature","id":170585,"properties":{"OBJECTID":170585,"PRIMENAME":"Central Avenue","ELEVTYP_F":0,"ELEVTYP_T":0},"geometry":{"type":"LineString","coordinates":[[-74.7917465281494,39.0073292713678],[-74.7910874164032,39.0078731924457]]}},{"type":"Feature","id":170899,"properties":{"OBJECTID":170899,"PRIMENAME":"East 23rd Avenue","ELEVTYP_F":0,"ELEVTYP_T":0},"geometry":{"type":"LineString","coordinates":[[-74.8016167827746,38.991159315329],[-74.8028455012781,38.9920671469198],[-74.8035222659911,38.9925645274734]]}},{"type":"Feature","id":171531,"properties":{"OBJECTID":171531,"PRIMENAME":"New Jersey Avenue","ELEVTYP_F":0,"ELEVTYP_T":0},"geometry":{"type":"LineString","coordinates":[[-74.8150879436158,38.991103698321],[-74.814531518688,38.9915135603238],[-74.8144239861346,38.9915913929116]]}},{"type":"Feature","id":171629,"properties":{"OBJECTID":171629,"PRIMENAME":"Pacific Avenue","ELEVTYP_F":0,"ELEVTYP_T":0},"geometry":{"type":"LineString","coordinates":[[-74.81102129638,38.9918581822028],[-74.8112337756313,38.9916888009244],[-74.8113670466505,38.9915742464343],[-74.8115669518842,38.9913942724048]]}},{"type":"Feature","id":171742,"properties":{"OBJECTID":171742,"PRIMENAME":"Maryland Avenue","ELEVTYP_F":0,"ELEVTYP_T":0},"geometry":{"type":"LineString","coordinates":[[-74.8076743558082,39.0032421497176],[-74.8079879029576,39.0029739609201]]}},{"type":"Feature","id":171954,"properties":{"OBJECTID":171954,"PRIMENAME":"West Maple Avenue","ELEVTYP_F":0,"ELEVTYP_T":0},"geometry":{"type":"LineString","coordinates":[[-74.8131014647592,38.9924876486433],[-74.8134752931779,38.9927553257546],[-74.8141379989788,38.9932300562384]]}},{"type":"Feature","id":172228,"properties":{"OBJECTID":172228,"PRIMENAME":"East Juniper Avenue","ELEVTYP_F":0,"ELEVTYP_T":0},"geometry":{"type":"LineString","coordinates":[[-74.8048689338619,38.9900838301513],[-74.8057893510843,38.9907215317076],[-74.8061209359333,38.990959659738]]}},{"type":"Feature","id":172394,"properties":{"OBJECTID":172394,"PRIMENAME":"New York Avenue","ELEVTYP_F":0,"ELEVTYP_T":0},"geometry":{"type":"LineString","coordinates":[[-74.7959542672227,39.0083832326255],[-74.7962278694358,39.0081578191913],[-74.7966051667156,39.0078442201233]]}},{"type":"Feature","id":172487,"properties":{"OBJECTID":172487,"PRIMENAME":"West 14th Avenue","ELEVTYP_F":0,"ELEVTYP_T":0},"geometry":{"type":"LineString","coordinates":[[-74.8037655502411,39.0019086908636],[-74.802556014581,39.0010116664878],[-74.8023077485965,39.0008291078678]]}},{"type":"Feature","id":174261,"properties":{"OBJECTID":174261,"PRIMENAME":"West 5th Avenue","ELEVTYP_F":0,"ELEVTYP_T":0},"geometry":{"type":"LineString","coordinates":[[-74.7964391616141,39.0056941331973],[-74.7970198796546,39.0061187270717],[-74.7979033908789,39.0067679787516]]}},{"type":"Feature","id":175426,"properties":{"OBJECTID":175426,"PRIMENAME":"South West 15th Avenue","ELEVTYP_F":0,"ELEVTYP_T":0},"geometry":{"type":"LineString","coordinates":[[-74.8076743558082,39.0032421497176],[-74.8077483716704,39.003309337206],[-74.8079875734735,39.0034821877637],[-74.8081254648368,39.0035827607908]]}},{"type":"Feature","id":175436,"properties":{"OBJECTID":175436,"PRIMENAME":"New Jersey Avenue","ELEVTYP_F":0,"ELEVTYP_T":0},"geometry":{"type":"LineString","coordinates":[[-74.8055600446022,38.9981323805339],[-74.804980471047,38.9986102445067],[-74.80490466412,38.9986732670234]]}},{"type":"Feature","id":175498,"properties":{"OBJECTID":175498,"PRIMENAME":"East 17th Avenue","ELEVTYP_F":0,"ELEVTYP_T":0},"geometry":{"type":"LineString","coordinates":[[-74.7996132037825,38.9958022267106],[-74.8005888715417,38.9965181379006],[-74.8012580113101,38.9970119536674]]}},{"type":"Feature","id":176352,"properties":{"OBJECTID":176352,"PRIMENAME":"Hudson Avenue","ELEVTYP_F":0,"ELEVTYP_T":0},"geometry":{"type":"LineString","coordinates":[[-74.8187570773104,38.9937250691455],[-74.8189258793771,38.9935843542244],[-74.8190479609492,38.9934825859316],[-74.8193140937126,38.9932760574274],[-74.8194087155682,38.9932306840913]]}},{"type":"Feature","id":177423,"properties":{"OBJECTID":177423,"PRIMENAME":"East 17th Avenue","ELEVTYP_F":0,"ELEVTYP_T":0},"geometry":{"type":"LineString","coordinates":[[-74.798115759635,38.994705667214],[-74.798346741773,38.9948774877383],[-74.7995265523881,38.9957386626384],[-74.7996132037825,38.9958022267106]]}},{"type":"Feature","id":177511,"properties":{"OBJECTID":177511,"PRIMENAME":"West Magnolia Avenue","ELEVTYP_F":0,"ELEVTYP_T":0},"geometry":{"type":"LineString","coordinates":[[-74.8158851968721,38.996185900888],[-74.8160508520994,38.996303193311],[-74.816934682152,38.996941591569]]}},{"type":"Feature","id":177819,"properties":{"OBJECTID":177819,"PRIMENAME":"West Magnolia Avenue","ELEVTYP_F":0,"ELEVTYP_T":0},"geometry":{"type":"LineString","coordinates":[[-74.8206032622189,38.9996701828102],[-74.8201163994148,38.999313325808],[-74.8190995036718,38.9985663061906],[-74.8181725790033,38.9978842457393]]}},{"type":"Feature","id":177902,"properties":{"OBJECTID":177902,"PRIMENAME":"West Pine Avenue","ELEVTYP_F":0,"ELEVTYP_T":0},"geometry":{"type":"LineString","coordinates":[[-74.8175441524226,38.994765534285],[-74.817270868917,38.9945785719989],[-74.8163074962344,38.9938898405907]]}},{"type":"Feature","id":178108,"properties":{"OBJECTID":178108,"PRIMENAME":"Seaboard Circle","ELEVTYP_F":0,"ELEVTYP_T":0},"geometry":{"type":"LineString","coordinates":[[-74.797983599468,39.0220068903292],[-74.7979196016218,39.0220518913693],[-74.7978997129041,39.0220654154158],[-74.7978696017092,39.022085890469],[-74.797816601938,39.0221268905784],[-74.7977666016616,39.0221968924868],[-74.7977426012197,39.0222408904681],[-74.7977206001225,39.0222868913574],[-74.7977015996196,39.0223348916999],[-74.7976845993041,39.0223828914392],[-74.7976575994641,39.0224298915127],[-74.7976145993739,39.0224678913748]]}},{"type":"Feature","id":178295,"properties":{"OBJECTID":178295,"PRIMENAME":"Atlantic Avenue","ELEVTYP_F":0,"ELEVTYP_T":0},"geometry":{"type":"LineString","coordinates":[[-74.8019127969985,38.9964688638968],[-74.8015635919427,38.996757613559],[-74.8012580113101,38.9970119536674]]}},{"type":"Feature","id":179135,"properties":{"OBJECTID":179135,"PRIMENAME":"East 7th Avenue","ELEVTYP_F":0,"ELEVTYP_T":0},"geometry":{"type":"LineString","coordinates":[[-74.7903879109647,38.9992111412841],[-74.7916073730601,39.0001021434559]]}},{"type":"Feature","id":180309,"properties":{"OBJECTID":180309,"PRIMENAME":"Delaware Avenue","ELEVTYP_F":0,"ELEVTYP_T":0},"geometry":{"type":"LineString","coordinates":[[-74.8110841204924,38.9981231917039],[-74.8107678949929,38.9983830496368],[-74.8104339015874,38.9986599496606]]}},{"type":"Feature","id":180391,"properties":{"OBJECTID":180391,"PRIMENAME":"East Pine Avenue","ELEVTYP_F":0,"ELEVTYP_T":0},"geometry":{"type":"LineString","coordinates":[[-74.808874130773,38.9885959789808],[-74.8086811428708,38.9884566989201],[-74.8083898450396,38.988242470623]]}},{"type":"Feature","id":180393,"properties":{"OBJECTID":180393,"PRIMENAME":"West Spruce Avenue","ELEVTYP_F":0,"ELEVTYP_T":0},"geometry":{"type":"LineString","coordinates":[[-74.7918779359292,39.0094695110071],[-74.7923883987299,39.0098401282892],[-74.7928241219601,39.0101602826877],[-74.7932609343277,39.0104812317624],[-74.7933435759416,39.0105421465457]]}},{"type":"Feature","id":180767,"properties":{"OBJECTID":180767,"PRIMENAME":"Central Avenue","ELEVTYP_F":0,"ELEVTYP_T":0},"geometry":{"type":"LineString","coordinates":[[-74.8054138401248,38.9959963371832],[-74.8047675406255,38.996533493152]]}},{"type":"Feature","id":180833,"properties":{"OBJECTID":180833,"PRIMENAME":"West 3rd Avenue","ELEVTYP_F":0,"ELEVTYP_T":0},"geometry":{"type":"LineString","coordinates":[[-74.7966051667156,39.0078442201233],[-74.7977672143923,39.0086863449154],[-74.7978521311522,39.0087521928414]]}},{"type":"Feature","id":180958,"properties":{"OBJECTID":180958,"PRIMENAME":"New Jersey Avenue","ELEVTYP_F":0,"ELEVTYP_T":0},"geometry":{"type":"LineString","coordinates":[[-74.7942472727659,39.0081498714602],[-74.7941500928654,39.0083339769991],[-74.7940520643998,39.0085341208303],[-74.793980782259,39.0086920755895],[-74.7939364793926,39.0088464759969],[-74.7939170055459,39.0089285701348]]}},{"type":"Feature","id":182055,"properties":{"OBJECTID":182055,"PRIMENAME":"Central Avenue","ELEVTYP_F":0,"ELEVTYP_T":0},"geometry":{"type":"LineString","coordinates":[[-74.7930503420566,39.006253179745],[-74.7924011061319,39.0067890099864]]}},{"type":"Feature","id":182257,"properties":{"OBJECTID":182257,"PRIMENAME":"Seaview Court","ELEVTYP_F":0,"ELEVTYP_T":0},"geometry":{"type":"LineString","coordinates":[[-74.794747599984,39.017720890331],[-74.7947926008693,39.0181088888482]]}},{"type":"Feature","id":182508,"properties":{"OBJECTID":182508,"PRIMENAME":"East Marina Court","ELEVTYP_F":0,"ELEVTYP_T":0},"geometry":{"type":"LineString","coordinates":[[-74.7964368495395,39.0209307840735],[-74.7958014278033,39.0214442754289]]}},{"type":"Feature","id":183033,"properties":{"OBJECTID":183033,"PRIMENAME":"West 9th Avenue","ELEVTYP_F":0,"ELEVTYP_T":0},"geometry":{"type":"LineString","coordinates":[[-74.8005064660862,39.0046047806683],[-74.8015799490999,39.0053936343828],[-74.8016006771996,39.0054101926978],[-74.8016079955398,39.0054263748827],[-74.8016088443024,39.0054356533697]]}},{"type":"Feature","id":183212,"properties":{"OBJECTID":183212,"PRIMENAME":"Ocean Avenue","ELEVTYP_F":0,"ELEVTYP_T":0},"geometry":{"type":"LineString","coordinates":[[-74.7909559781806,39.0006413497926],[-74.7916073730601,39.0001021434559]]}},{"type":"Feature","id":184857,"properties":{"OBJECTID":184857,"PRIMENAME":"East Spruce Avenue","ELEVTYP_F":0,"ELEVTYP_T":0},"geometry":{"type":"LineString","coordinates":[[-74.7908137669431,39.0085523832939],[-74.7908331994566,39.0085991931787],[-74.7908788570466,39.0086795046876],[-74.7909327588892,39.0087533427464],[-74.7910155460253,39.0088335616036],[-74.7911147766271,39.0089073144254],[-74.7914579892538,39.009157288942],[-74.7918011953565,39.0094137982024],[-74.7918779359292,39.0094695110071]]}},{"type":"Feature","id":184877,"properties":{"OBJECTID":184877,"PRIMENAME":"West Poplar Avenue","ELEVTYP_F":0,"ELEVTYP_T":0},"geometry":{"type":"LineString","coordinates":[[-74.8153337715607,38.9966600330667],[-74.8145759715129,38.9961265307616],[-74.8140945618559,38.9957810007271]]}},{"type":"Feature","id":185912,"properties":{"OBJECTID":185912,"PRIMENAME":"Pacific Avenue","ELEVTYP_F":0,"ELEVTYP_T":0},"geometry":{"type":"LineString","coordinates":[[-74.8090303517148,38.9935575719996],[-74.8092344503144,38.993384125771],[-74.8093702519377,38.9932676174098]]}},{"type":"Feature","id":187530,"properties":{"OBJECTID":187530,"PRIMENAME":"West 21st Avenue","ELEVTYP_F":0,"ELEVTYP_T":0},"geometry":{"type":"LineString","coordinates":[[-74.8068595814688,38.9970579292202],[-74.8072698681167,38.9973586989955],[-74.8083210339508,38.9981295107009]]}},{"type":"Feature","id":187565,"properties":{"OBJECTID":187565,"PRIMENAME":"West Spruce Avenue","ELEVTYP_F":0,"ELEVTYP_T":0},"geometry":{"type":"LineString","coordinates":[[-74.7990382564532,39.0170432117021],[-74.7989532683115,39.01752304394],[-74.7989364203917,39.0177348451231]]}},{"type":"Feature","id":188019,"properties":{"OBJECTID":188019,"PRIMENAME":"Central Avenue","ELEVTYP_F":0,"ELEVTYP_T":0},"geometry":{"type":"LineString","coordinates":[[-74.7910874164032,39.0078731924457],[-74.790996678902,39.007948077729],[-74.7908269256378,39.0080813448019]]}},{"type":"Feature","id":188107,"properties":{"OBJECTID":188107,"PRIMENAME":"Ocean Avenue","ELEVTYP_F":0,"ELEVTYP_T":0},"geometry":{"type":"LineString","coordinates":[[-74.7974667990557,38.9952394123818],[-74.797582792348,38.9951428746302],[-74.798115759635,38.994705667214]]}},{"type":"Feature","id":188369,"properties":{"OBJECTID":188369,"PRIMENAME":"West Glenwood Avenue","ELEVTYP_F":0,"ELEVTYP_T":0},"geometry":{"type":"LineString","coordinates":[[-74.8135979296203,38.9936996194197],[-74.8135247597867,38.9936475902833],[-74.8123876899946,38.992846932691]]}},{"type":"Feature","id":189255,"properties":{"OBJECTID":189255,"PRIMENAME":"East Magnolia Avenue","ELEVTYP_F":0,"ELEVTYP_T":0},"geometry":{"type":"LineString","coordinates":[[-74.8104635186216,38.9923358238182],[-74.8109997207674,38.9927168630432],[-74.8116887787184,38.9932030421547]]}},{"type":"Feature","id":189260,"properties":{"OBJECTID":189260,"PRIMENAME":"East 16th Avenue","ELEVTYP_F":0,"ELEVTYP_T":0},"geometry":{"type":"LineString","coordinates":[[-74.8006089062493,38.9975523882641],[-74.799843061827,38.996990034655],[-74.7989590258765,38.9963418689054]]}},{"type":"Feature","id":189652,"properties":{"OBJECTID":189652,"PRIMENAME":"Surf Avenue","ELEVTYP_F":0,"ELEVTYP_T":0},"geometry":{"type":"LineString","coordinates":[[-74.8015671029664,38.9941857154341],[-74.8021482299885,38.9937037453001],[-74.802216671312,38.9936469487531]]}},{"type":"Feature","id":190066,"properties":{"OBJECTID":190066,"PRIMENAME":"Hudson Avenue","ELEVTYP_F":0,"ELEVTYP_T":0},"geometry":{"type":"LineString","coordinates":[[-74.8143624758891,38.9974909355561],[-74.8147863687647,38.9971304456081]]}},{"type":"Feature","id":190295,"properties":{"OBJECTID":190295,"PRIMENAME":"West Poplar Avenue","ELEVTYP_F":0,"ELEVTYP_T":0},"geometry":{"type":"LineString","coordinates":[[-74.8163915709369,38.9974096937397],[-74.8159121280564,38.9970672415191],[-74.8153337715607,38.9966600330667]]}},{"type":"Feature","id":190739,"properties":{"OBJECTID":190739,"PRIMENAME":"East 19th Avenue","ELEVTYP_F":0,"ELEVTYP_T":0},"geometry":{"type":"LineString","coordinates":[[-74.8041166381548,38.9970745014865],[-74.8050484447163,38.9977556449697],[-74.8055600446022,38.9981323805339]]}},{"type":"Feature","id":191529,"properties":{"OBJECTID":191529,"PRIMENAME":"East Cedar Avenue","ELEVTYP_F":0,"ELEVTYP_T":0},"geometry":{"type":"LineString","coordinates":[[-74.81220399412,38.9880913829789],[-74.8119543386034,38.9879160154488]]}},{"type":"Feature","id":191671,"properties":{"OBJECTID":191671,"PRIMENAME":"West Spruce Avenue","ELEVTYP_F":0,"ELEVTYP_T":0},"geometry":{"type":"LineString","coordinates":[[-74.7990382564532,39.0170432117021],[-74.7990744819286,39.0165185838806],[-74.7991077153166,39.0160439371066],[-74.7991319910179,39.0157241783881],[-74.7991378501995,39.0155942574727],[-74.799140652476,39.0154993545369],[-74.7991370610085,39.0154069390547],[-74.7991271052096,39.0153245349379],[-74.7991073515718,39.0151972065991],[-74.7990716674061,39.0150899362175],[-74.7990424841356,39.0150050553651],[-74.7989875872402,39.0148902831867],[-74.7989263157946,39.0147830504015],[-74.7988264635816,39.0146409350897],[-74.7987235043457,39.0145213158306],[-74.7985628140339,39.0143743310494],[-74.7983155357827,39.0141926411143],[-74.7979333480338,39.0139088745888],[-74.7977267897278,39.0137594527253]]}},{"type":"Feature","id":192708,"properties":{"OBJECTID":192708,"PRIMENAME":"Hoffman Canal Avenue","ELEVTYP_F":0,"ELEVTYP_T":0},"geometry":{"type":"LineString","coordinates":[[-74.802765238302,39.0050210849351],[-74.8029253700116,39.0051472521132],[-74.8029576671358,39.0051700141144],[-74.8029749751824,39.0051767238333],[-74.8029895178794,39.0051788003906],[-74.8030103820925,39.0051776750799],[-74.8030313005859,39.0051730353615],[-74.8030572296683,39.0051629179947],[-74.8030834745853,39.0051445632195],[-74.8031447741089,39.005094127748],[-74.8033227056568,39.0049383053152],[-74.8035269480689,39.0047795323034]]}},{"type":"Feature","id":193134,"properties":{"OBJECTID":193134,"PRIMENAME":"Seaview Court","ELEVTYP_F":0,"ELEVTYP_T":0},"geometry":{"type":"LineString","coordinates":[[-74.7961158635662,39.0176207711058],[-74.794747599984,39.017720890331]]}},{"type":"Feature","id":193142,"properties":{"OBJECTID":193142,"PRIMENAME":"Atlantic Avenue","ELEVTYP_F":0,"ELEVTYP_T":0},"geometry":{"type":"LineString","coordinates":[[-74.7960489736195,39.0013336685721],[-74.7954027944399,39.0018690144495]]}},{"type":"Feature","id":193438,"properties":{"OBJECTID":193438,"PRIMENAME":"East 24th Avenue","ELEVTYP_F":0,"ELEVTYP_T":0},"geometry":{"type":"LineString","coordinates":[[-74.8072595979962,38.9942921751082],[-74.8066382186188,38.9938378078589],[-74.8058141008021,38.9932347884436]]}},{"type":"Feature","id":193924,"properties":{"OBJECTID":193924,"PRIMENAME":"New York Avenue","ELEVTYP_F":0,"ELEVTYP_T":0},"geometry":{"type":"LineString","coordinates":[[-74.7953009257737,39.0089215882099],[-74.7959542672227,39.0083832326255]]}},{"type":"Feature","id":194223,"properties":{"OBJECTID":194223,"PRIMENAME":"West 15th Avenue","ELEVTYP_F":0,"ELEVTYP_T":0},"geometry":{"type":"LineString","coordinates":[[-74.8058750875728,39.0024402646978],[-74.8061296193871,39.002628263847]]}},{"type":"Feature","id":194771,"properties":{"OBJECTID":194771,"PRIMENAME":"West Pine Avenue","ELEVTYP_F":0,"ELEVTYP_T":0},"geometry":{"type":"LineString","coordinates":[[-74.8194350487,38.9958792739253],[-74.8193542369415,38.995874498051],[-74.8191419043541,38.9958634632928],[-74.8191008733387,38.9958548993011],[-74.8190973545401,38.9958538477077],[-74.8190524610575,38.9958404512213],[-74.8189180143127,38.99573914015],[-74.8186122217276,38.9955153390092]]}},{"type":"Feature","id":194994,"properties":{"OBJECTID":194994,"PRIMENAME":"Anglesea Drive","ELEVTYP_F":0,"ELEVTYP_T":0},"geometry":{"type":"LineString","coordinates":[[-74.7959481716061,39.017518733686],[-74.7960577167587,39.0175969314776],[-74.7961158635662,39.0176207711058]]}},{"type":"Feature","id":195023,"properties":{"OBJECTID":195023,"PRIMENAME":"Ocean Avenue","ELEVTYP_F":0,"ELEVTYP_T":0},"geometry":{"type":"LineString","coordinates":[[-74.8061209359333,38.990959659738],[-74.8058288115744,38.9912081949628]]}},{"type":"Feature","id":195945,"properties":{"OBJECTID":195945,"PRIMENAME":"West Maple Avenue","ELEVTYP_F":0,"ELEVTYP_T":0},"geometry":{"type":"LineString","coordinates":[[-74.8169805056472,38.9952480000378],[-74.8175529476273,38.9956550786939],[-74.8180339991003,38.9959954334734]]}},{"type":"Feature","id":196061,"properties":{"OBJECTID":196061,"PRIMENAME":"Atlantic Avenue","ELEVTYP_F":0,"ELEVTYP_T":0},"geometry":{"type":"LineString","coordinates":[[-74.7914952215185,39.0051095365302],[-74.7913922488448,39.0051946946231],[-74.7908416813493,39.0056431726521]]}},{"type":"Feature","id":196207,"properties":{"OBJECTID":196207,"PRIMENAME":"West 19th Avenue","ELEVTYP_F":0,"ELEVTYP_T":0},"geometry":{"type":"LineString","coordinates":[[-74.8055600446022,38.9981323805339],[-74.8068326237807,38.9990694067582],[-74.8070224008633,38.9992089178474]]}},{"type":"Feature","id":196613,"properties":{"OBJECTID":196613,"PRIMENAME":"Beach Drive","ELEVTYP_F":0,"ELEVTYP_T":0},"geometry":{"type":"LineString","coordinates":[[-74.7888027343819,39.0000776522907],[-74.7885482491174,39.0002860867323],[-74.7881485043542,39.0006170148588]]}},{"type":"Feature","id":196711,"properties":{"OBJECTID":196711,"PRIMENAME":"Saint Demetrios Avenue","ELEVTYP_F":0,"ELEVTYP_T":0},"geometry":{"type":"LineString","coordinates":[[-74.7934557664335,39.0118430306658],[-74.7934582018781,39.0119637867876],[-74.7934734271749,39.0121732275435]]}},{"type":"Feature","id":197126,"properties":{"OBJECTID":197126,"PRIMENAME":"Ohio Avenue","ELEVTYP_F":0,"ELEVTYP_T":0},"geometry":{"type":"LineString","coordinates":[[-74.7966461299153,39.0169453038394],[-74.7961893511049,39.0173172919091],[-74.7959481716061,39.017518733686]]}},{"type":"Feature","id":197538,"properties":{"OBJECTID":197538,"PRIMENAME":"Beach Drive","ELEVTYP_F":0,"ELEVTYP_T":0},"geometry":{"type":"LineString","coordinates":[[-74.7936628213102,38.9965306954851],[-74.7933175783847,38.9968156485317],[-74.7930187001601,38.9970642658003]]}},{"type":"Feature","id":198069,"properties":{"OBJECTID":198069,"PRIMENAME":"West 25th Avenue","ELEVTYP_F":0,"ELEVTYP_T":0},"geometry":{"type":"LineString","coordinates":[[-74.8094678726545,38.994894843564],[-74.8107550025864,38.995845655932],[-74.8109223610608,38.9959683337788]]}},{"type":"Feature","id":198183,"properties":{"OBJECTID":198183,"PRIMENAME":"Lake Avenue","ELEVTYP_F":0,"ELEVTYP_T":0},"geometry":{"type":"LineString","coordinates":[[-74.816934682152,38.996941591569],[-74.8166714119511,38.9971712823806],[-74.8163915709369,38.9974096937397]]}},{"type":"Feature","id":198369,"properties":{"OBJECTID":198369,"PRIMENAME":"East 16th Avenue","ELEVTYP_F":0,"ELEVTYP_T":0},"geometry":{"type":"LineString","coordinates":[[-74.7974667990557,38.9952394123818],[-74.7968994823311,38.9948180531564],[-74.7965954318467,38.9945980337278]]}},{"type":"Feature","id":198631,"properties":{"OBJECTID":198631,"PRIMENAME":"East 6th Avenue","ELEVTYP_F":0,"ELEVTYP_T":0},"geometry":{"type":"LineString","coordinates":[[-74.7956553024051,39.0040890956529],[-74.7956025653223,39.0040502111295],[-74.7955446746776,39.0040075226829]]}},{"type":"Feature","id":199060,"properties":{"OBJECTID":199060,"PRIMENAME":"Surf Avenue","ELEVTYP_F":0,"ELEVTYP_T":0},"geometry":{"type":"LineString","coordinates":[[-74.802216671312,38.9936469487531],[-74.8028701914319,38.9931051475652]]}},{"type":"Feature","id":199925,"properties":{"OBJECTID":199925,"PRIMENAME":"Beach Drive","ELEVTYP_F":0,"ELEVTYP_T":0},"geometry":{"type":"LineString","coordinates":[[-74.7910643440563,38.9986873073282],[-74.7905528141231,38.9991101781954],[-74.7904724794194,38.9991618076038],[-74.7903994621773,38.9992047965822],[-74.7903879109647,38.9992111412841]]}},{"type":"Feature","id":200368,"properties":{"OBJECTID":200368,"PRIMENAME":"East Pine Avenue","ELEVTYP_F":0,"ELEVTYP_T":0},"geometry":{"type":"LineString","coordinates":[[-74.8137658257017,38.9920714350876],[-74.8128861683939,38.9914496678613],[-74.8121323216417,38.990926270521]]}},{"type":"Feature","id":200756,"properties":{"OBJECTID":200756,"PRIMENAME":"West 6th Avenue","ELEVTYP_F":0,"ELEVTYP_T":0},"geometry":{"type":"LineString","coordinates":[[-74.7990336028777,39.0065912156272],[-74.7985597963278,39.0062230099006]]}},{"type":"Feature","id":200936,"properties":{"OBJECTID":200936,"PRIMENAME":"Park Boulevard","ELEVTYP_F":0,"ELEVTYP_T":0},"geometry":{"type":"LineString","coordinates":[[-74.8140945618559,38.9957810007271],[-74.8138572677398,38.9959818111078],[-74.8135947817894,38.9961913379002],[-74.8135369046793,38.9962403418529]]}},{"type":"Feature","id":201031,"properties":{"OBJECTID":201031,"PRIMENAME":"East 2nd Avenue","ELEVTYP_F":0,"ELEVTYP_T":0},"geometry":{"type":"LineString","coordinates":[[-74.7914952215185,39.0051095365302],[-74.7926268602,39.0059420957531],[-74.792935266933,39.0061686498643]]}},{"type":"Feature","id":201969,"properties":{"OBJECTID":201969,"PRIMENAME":"East 13th Avenue","ELEVTYP_F":0,"ELEVTYP_T":0},"geometry":{"type":"LineString","coordinates":[[-74.8000968325388,39.0002302104075],[-74.800154088874,39.0002725955654],[-74.8002078847664,39.0003124095275]]}},{"type":"Feature","id":202066,"properties":{"OBJECTID":202066,"PRIMENAME":"New Jersey Avenue","ELEVTYP_F":0,"ELEVTYP_T":0},"geometry":{"type":"LineString","coordinates":[[-74.8003511480712,39.0024532698967],[-74.7996994459476,39.0029921688211]]}},{"type":"Feature","id":202465,"properties":{"OBJECTID":202465,"PRIMENAME":"East 15th Avenue","ELEVTYP_F":0,"ELEVTYP_T":0},"geometry":{"type":"LineString","coordinates":[[-74.8015135074792,38.999233580899],[-74.8025087678802,38.9999652692657],[-74.8029532341281,39.0002938903951]]}},{"type":"Feature","id":203453,"properties":{"OBJECTID":203453,"PRIMENAME":"Surf Avenue","ELEVTYP_F":0,"ELEVTYP_T":0},"geometry":{"type":"LineString","coordinates":[[-74.7898474075332,39.0039016305845],[-74.7895111536121,39.0041856705017],[-74.7893298058859,39.0043479603043],[-74.789291854791,39.0043960244368],[-74.7892814833959,39.0044416851416],[-74.7892826128622,39.0044769114676],[-74.7892999750413,39.0045060572608],[-74.78932633707,39.0045329285774],[-74.7893795066493,39.0045718851331]]}},{"type":"Feature","id":203727,"properties":{"OBJECTID":203727,"PRIMENAME":"West 16th Avenue","ELEVTYP_F":0,"ELEVTYP_T":0},"geometry":{"type":"LineString","coordinates":[[-74.8065267646071,39.0018992999188],[-74.8061037423092,39.0015883463296],[-74.8050673394922,39.0008282959038]]}},{"type":"Feature","id":204053,"properties":{"OBJECTID":204053,"PRIMENAME":"East 3rd Avenue","ELEVTYP_F":0,"ELEVTYP_T":0},"geometry":{"type":"LineString","coordinates":[[-74.7935892929881,39.005627558832],[-74.7936447473205,39.0056682229247],[-74.7937053202662,39.005712580252]]}},{"type":"Feature","id":204266,"properties":{"OBJECTID":204266,"PRIMENAME":"Old New Jersey Avenue","ELEVTYP_F":0,"ELEVTYP_T":0},"geometry":{"type":"LineString","coordinates":[[-74.7948513552892,39.0070885643475],[-74.7945089539479,39.0073228803413]]}},{"type":"Feature","id":204604,"properties":{"OBJECTID":204604,"PRIMENAME":"Atlantic Avenue","ELEVTYP_F":0,"ELEVTYP_T":0},"geometry":{"type":"LineString","coordinates":[[-74.8086160447502,38.9910231886887],[-74.8081721429972,38.9913608914498],[-74.8080274813102,38.9914708049952]]}},{"type":"Feature","id":205337,"properties":{"OBJECTID":205337,"PRIMENAME":"Cherry Avenue","ELEVTYP_F":0,"ELEVTYP_T":0},"geometry":{"type":"LineString","coordinates":[[-74.7966461299153,39.0169453038394],[-74.7951859167515,39.0158675841962]]}},{"type":"Feature","id":206142,"properties":{"OBJECTID":206142,"PRIMENAME":"West Oak Avenue","ELEVTYP_F":0,"ELEVTYP_T":0},"geometry":{"type":"LineString","coordinates":[[-74.7975432346636,39.0206888476778],[-74.797525796083,39.0206829113468],[-74.7975069341979,39.0206671980082],[-74.7974977295581,39.0206546454794],[-74.7974730735368,39.0205917193361]]}},{"type":"Feature","id":206445,"properties":{"OBJECTID":206445,"PRIMENAME":"East 25th Avenue","ELEVTYP_F":0,"ELEVTYP_T":0},"geometry":{"type":"LineString","coordinates":[[-74.808024246042,38.9938330589532],[-74.8092421997436,38.9947281659449],[-74.8094678726545,38.994894843564]]}},{"type":"Feature","id":206951,"properties":{"OBJECTID":206951,"PRIMENAME":"New York Avenue","ELEVTYP_F":0,"ELEVTYP_T":0},"geometry":{"type":"LineString","coordinates":[[-74.7998536354615,39.0051476640971],[-74.8005064660862,39.0046047806683]]}},{"type":"Feature","id":207321,"properties":{"OBJECTID":207321,"PRIMENAME":"East 22nd Avenue","ELEVTYP_F":0,"ELEVTYP_T":0},"geometry":{"type":"LineString","coordinates":[[-74.8028701914319,38.9931051475652],[-74.8025457860073,38.9928669088879],[-74.8010375105058,38.9917510845558],[-74.8009686431371,38.9917070811293]]}},{"type":"Feature","id":207683,"properties":{"OBJECTID":207683,"PRIMENAME":"Atlantic Avenue","ELEVTYP_F":0,"ELEVTYP_T":0},"geometry":{"type":"LineString","coordinates":[[-74.8127244146153,38.9877134522978],[-74.8125212858588,38.9878616410228],[-74.8122045897496,38.9880908597846],[-74.81220399412,38.9880913829789]]}},{"type":"Feature","id":209614,"properties":{"OBJECTID":209614,"PRIMENAME":"East 7th Avenue","ELEVTYP_F":0,"ELEVTYP_T":0},"geometry":{"type":"LineString","coordinates":[[-74.7961924481489,39.0034702506041],[-74.7962500919072,39.0035127195498],[-74.7963017344664,39.0035507831755]]}},{"type":"Feature","id":209835,"properties":{"OBJECTID":209835,"PRIMENAME":"New Jersey Avenue","ELEVTYP_F":0,"ELEVTYP_T":0},"geometry":{"type":"LineString","coordinates":[[-74.8016526959171,39.0013759342663],[-74.8010043468986,39.0019127166574]]}},{"type":"Feature","id":210144,"properties":{"OBJECTID":210144,"PRIMENAME":"Delaware Avenue","ELEVTYP_F":0,"ELEVTYP_T":0},"geometry":{"type":"LineString","coordinates":[[-74.8062129053391,39.0021606210869],[-74.8058750875728,39.0024402646978]]}},{"type":"Feature","id":210668,"properties":{"OBJECTID":210668,"PRIMENAME":"Virginia Avenue","ELEVTYP_F":0,"ELEVTYP_T":0},"geometry":{"type":"LineString","coordinates":[[-74.796426387739,39.0148424512052],[-74.7966544057537,39.0146523818647],[-74.7970781013737,39.0142996184715]]}},{"type":"Feature","id":210752,"properties":{"OBJECTID":210752,"PRIMENAME":"Central Avenue","ELEVTYP_F":0,"ELEVTYP_T":0},"geometry":{"type":"LineString","coordinates":[[-74.7989030999428,39.0013904239899],[-74.7982519907138,39.0019284071423]]}},{"type":"Feature","id":212419,"properties":{"OBJECTID":212419,"PRIMENAME":"New York Avenue","ELEVTYP_F":0,"ELEVTYP_T":0},"geometry":{"type":"LineString","coordinates":[[-74.801159405419,39.0040651057439],[-74.8012357145138,39.0040021114358],[-74.8018057382231,39.0035298926774]]}},{"type":"Feature","id":212881,"properties":{"OBJECTID":212881,"PRIMENAME":"New Jersey Avenue","ELEVTYP_F":0,"ELEVTYP_T":0},"geometry":{"type":"LineString","coordinates":[[-74.8131014647592,38.9924876486433],[-74.8129224677324,38.9925814871503],[-74.8125303677138,38.9927750220264],[-74.8123876899946,38.992846932691]]}},{"type":"Feature","id":214028,"properties":{"OBJECTID":214028,"PRIMENAME":"Ocean Avenue","ELEVTYP_F":0,"ELEVTYP_T":0},"geometry":{"type":"LineString","coordinates":[[-74.8077578023837,38.9895562935769],[-74.8076208457375,38.9896734905338],[-74.807211135723,38.9900251314277]]}},{"type":"Feature","id":215674,"properties":{"OBJECTID":215674,"PRIMENAME":"West 16th Avenue","ELEVTYP_F":0,"ELEVTYP_T":0},"geometry":{"type":"LineString","coordinates":[[-74.8079879029576,39.0029739609201],[-74.8077541944327,39.0028015075499],[-74.8065267646071,39.0018992999188]]}},{"type":"Feature","id":216211,"properties":{"OBJECTID":216211,"PRIMENAME":"North Wildwood Boulevard","ELEVTYP_F":0,"ELEVTYP_T":0},"geometry":{"type":"LineString","coordinates":[[-74.8035778854254,39.0239640113268],[-74.8035843753302,39.0239671240223],[-74.8044069776469,39.0243592260449],[-74.8050489130726,39.0246639006972],[-74.8058875919802,39.0250660001509],[-74.8060967299682,39.0251653991622]]}},{"type":"Feature","id":216401,"properties":{"OBJECTID":216401,"PRIMENAME":"Anglesea Drive","ELEVTYP_F":0,"ELEVTYP_T":0},"geometry":{"type":"LineString","coordinates":[[-74.7980408880022,39.0177111061018],[-74.7987525417594,39.0177419329796],[-74.7989364203917,39.0177348451231]]}},{"type":"Feature","id":216410,"properties":{"OBJECTID":216410,"PRIMENAME":"West Schellenger Avenue","ELEVTYP_F":0,"ELEVTYP_T":0},"geometry":{"type":"LineString","coordinates":[[-74.8176184140315,38.9918099047624],[-74.8175406012411,38.9917425688742],[-74.8173240828143,38.9915399653514],[-74.8169034998206,38.9911887075262],[-74.8161235243421,38.9905399769362],[-74.8159992879526,38.9904370699252]]}},{"type":"Feature","id":216722,"properties":{"OBJECTID":216722,"PRIMENAME":"Delaware Avenue","ELEVTYP_F":0,"ELEVTYP_T":0},"geometry":{"type":"LineString","coordinates":[[-74.8104339015874,38.9986599496606],[-74.8097829120583,38.9991996166923]]}},{"type":"Feature","id":217431,"properties":{"OBJECTID":217431,"PRIMENAME":"East 4th Avenue","ELEVTYP_F":0,"ELEVTYP_T":0},"geometry":{"type":"LineString","coordinates":[[-74.7896511255714,39.0017214312704],[-74.7889530021574,39.0012046932079],[-74.7881485043542,39.0006170148588]]}},{"type":"Feature","id":218361,"properties":{"OBJECTID":218361,"PRIMENAME":"East Chestnut Avenue","ELEVTYP_F":0,"ELEVTYP_T":0},"geometry":{"type":"LineString","coordinates":[[-74.79318832407,39.0083913693959],[-74.7919339976799,39.0074656550621],[-74.7917465281494,39.0073292713678]]}},{"type":"Feature","id":218756,"properties":{"OBJECTID":218756,"PRIMENAME":"West Magnolia Avenue","ELEVTYP_F":0,"ELEVTYP_T":0},"geometry":{"type":"LineString","coordinates":[[-74.8146453563862,38.9953072057485],[-74.8147798789162,38.9954034686135],[-74.8158851968721,38.996185900888]]}},{"type":"Feature","id":218991,"properties":{"OBJECTID":218991,"PRIMENAME":"Park Boulevard","ELEVTYP_F":0,"ELEVTYP_T":0},"geometry":{"type":"LineString","coordinates":[[-74.8169172176638,38.9933654338586],[-74.8166894476148,38.9935598812097],[-74.8163074962344,38.9938898405907]]}},{"type":"Feature","id":219033,"properties":{"OBJECTID":219033,"PRIMENAME":"West Lincoln Avenue","ELEVTYP_F":0,"ELEVTYP_T":0},"geometry":{"type":"LineString","coordinates":[[-74.8176991423318,38.9908055585808],[-74.8177999571356,38.9908892103376],[-74.8178206887889,38.9909064126235],[-74.8183060079439,38.9913091118814]]}},{"type":"Feature","id":219399,"properties":{"OBJECTID":219399,"PRIMENAME":"Atlantic Avenue","ELEVTYP_F":0,"ELEVTYP_T":0},"geometry":{"type":"LineString","coordinates":[[-74.8074473967552,38.9919116142633],[-74.8071219066748,38.9921589316402]]}},{"type":"Feature","id":221119,"properties":{"OBJECTID":221119,"PRIMENAME":"Seaspray Court","ELEVTYP_F":0,"ELEVTYP_T":0},"geometry":{"type":"LineString","coordinates":[[-74.794921601428,39.0185678906941],[-74.7949566009278,39.0187768900461]]}},{"type":"Feature","id":221377,"properties":{"OBJECTID":221377,"PRIMENAME":"East 14th Avenue","ELEVTYP_F":0,"ELEVTYP_T":0},"geometry":{"type":"LineString","coordinates":[[-74.7976638151503,38.9974245139111],[-74.7973720208156,38.9972103416867],[-74.7963149096411,38.9964335698001],[-74.7961646192108,38.996322498342]]}},{"type":"Feature","id":222111,"properties":{"OBJECTID":222111,"PRIMENAME":"Surf Avenue","ELEVTYP_F":0,"ELEVTYP_T":0},"geometry":{"type":"LineString","coordinates":[[-74.7989590258765,38.9963418689054],[-74.7996132037825,38.9958022267106]]}},{"type":"Feature","id":222513,"properties":{"OBJECTID":222513,"PRIMENAME":"Hereford Avenue","ELEVTYP_F":0,"ELEVTYP_T":0},"geometry":{"type":"LineString","coordinates":[[-74.7920063004865,39.0121601871436],[-74.7920043601105,39.0120463429622],[-74.79200087348,39.0118417661023],[-74.7920033743896,39.0118066307581],[-74.7920086588999,39.0117323802572],[-74.7920290047479,39.0116647818512],[-74.7920368155996,39.0116514421643],[-74.7920460517028,39.0116356665837],[-74.7920535391795,39.0116228745279],[-74.7920905113968,39.0115842305096],[-74.792143878125,39.0115358521589],[-74.7921556433458,39.0115260681706]]}},{"type":"Feature","id":222689,"properties":{"OBJECTID":222689,"PRIMENAME":"Pacific Avenue","ELEVTYP_F":0,"ELEVTYP_T":0},"geometry":{"type":"LineString","coordinates":[[-74.8156974715863,38.9880992827704],[-74.815378610915,38.9883302735675],[-74.8151077263832,38.9885267569495],[-74.8150308682083,38.9885861918136]]}},{"type":"Feature","id":224026,"properties":{"OBJECTID":224026,"PRIMENAME":"East Wildwood Avenue","ELEVTYP_F":0,"ELEVTYP_T":0},"geometry":{"type":"LineString","coordinates":[[-74.8091214012791,38.9878279722064],[-74.8094677477092,38.9880715163847]]}},{"type":"Feature","id":225312,"properties":{"OBJECTID":225312,"PRIMENAME":"New Jersey Avenue","ELEVTYP_F":0,"ELEVTYP_T":0},"geometry":{"type":"LineString","coordinates":[[-74.7946347608533,39.0074147677131],[-74.7945201707467,39.0076176716896],[-74.7944087313502,39.0078423972805],[-74.7942927724254,39.0080635919692],[-74.7942472727659,39.0081498714602]]}},{"type":"Feature","id":225411,"properties":{"OBJECTID":225411,"PRIMENAME":"East Magnolia Avenue","ELEVTYP_F":0,"ELEVTYP_T":0},"geometry":{"type":"LineString","coordinates":[[-74.807211135723,38.9900251314277],[-74.8080302586459,38.9906015475032],[-74.8086160447502,38.9910231886887]]}},{"type":"Feature","id":225938,"properties":{"OBJECTID":225938,"PRIMENAME":"Central Avenue","ELEVTYP_F":0,"ELEVTYP_T":0},"geometry":{"type":"LineString","coordinates":[[-74.8015135074792,38.999233580899],[-74.8008657325733,38.9997688243357]]}},{"type":"Feature","id":226369,"properties":{"OBJECTID":226369,"PRIMENAME":"New York Avenue","ELEVTYP_F":0,"ELEVTYP_T":0},"geometry":{"type":"LineString","coordinates":[[-74.8063709607121,38.9997492534778],[-74.8064565858977,38.9996783505095],[-74.8070224008633,38.9992089178474]]}},{"type":"Feature","id":227359,"properties":{"OBJECTID":227359,"PRIMENAME":"West Wildwood Avenue","ELEVTYP_F":0,"ELEVTYP_T":0},"geometry":{"type":"LineString","coordinates":[[-74.8169172176638,38.9933654338586],[-74.8174421100125,38.993741340046],[-74.8181531186257,38.994245570794]]}},{"type":"Feature","id":227498,"properties":{"OBJECTID":227498,"PRIMENAME":"West 18th Avenue","ELEVTYP_F":0,"ELEVTYP_T":0},"geometry":{"type":"LineString","coordinates":[[-74.8063709607121,38.9997492534778],[-74.8050204137699,38.9987587446617],[-74.80490466412,38.9986732670234]]}},{"type":"Feature","id":227616,"properties":{"OBJECTID":227616,"PRIMENAME":"Atlantic Avenue","ELEVTYP_F":0,"ELEVTYP_T":0},"geometry":{"type":"LineString","coordinates":[[-74.7940982769692,39.0029513408313],[-74.7940503723244,39.0029911391676],[-74.7934451957764,39.0034926514602]]}},{"type":"Feature","id":228150,"properties":{"OBJECTID":228150,"PRIMENAME":"Anglesea Drive","ELEVTYP_F":0,"ELEVTYP_T":0},"geometry":{"type":"LineString","coordinates":[[-74.7971060431591,39.0176714520446],[-74.7973233201037,39.0176800142915],[-74.7980408880022,39.0177111061018]]}},{"type":"Feature","id":229702,"properties":{"OBJECTID":229702,"PRIMENAME":"Beach Creek","ELEVTYP_F":0,"ELEVTYP_T":0},"geometry":{"type":"LineString","coordinates":[[-74.8003373155335,39.00649420149],[-74.8003485599734,39.0064933320391],[-74.800364092632,39.0064881021858],[-74.8003781353389,39.0064800204341],[-74.8004095862002,39.0064523442532],[-74.800975177314,39.0059744566907]]}},{"type":"Feature","id":230296,"properties":{"OBJECTID":230296,"PRIMENAME":"West 10th Avenue","ELEVTYP_F":0,"ELEVTYP_T":0},"geometry":{"type":"LineString","coordinates":[[-74.801159405419,39.0040651057439],[-74.800576198526,39.0036361731682],[-74.7996994459476,39.0029921688211]]}},{"type":"Feature","id":230379,"properties":{"OBJECTID":230379,"PRIMENAME":"Delaware Avenue","ELEVTYP_F":0,"ELEVTYP_T":0},"geometry":{"type":"LineString","coordinates":[[-74.8039168215483,39.0040611680106],[-74.8032696316362,39.0045990858116]]}},{"type":"Feature","id":232182,"properties":{"OBJECTID":232182,"PRIMENAME":"East 2nd Avenue","ELEVTYP_F":0,"ELEVTYP_T":0},"geometry":{"type":"LineString","coordinates":[[-74.792935266933,39.0061686498643],[-74.792991780115,39.0062101620187],[-74.7930503420566,39.006253179745]]}},{"type":"Feature","id":232839,"properties":{"OBJECTID":232839,"PRIMENAME":"New York Avenue","ELEVTYP_F":0,"ELEVTYP_T":0},"geometry":{"type":"LineString","coordinates":[[-74.8037655502411,39.0019086908636],[-74.8038524092055,39.0018370181776],[-74.8044163978251,39.00136875614]]}},{"type":"Feature","id":233181,"properties":{"OBJECTID":233181,"PRIMENAME":"Maryland Avenue","ELEVTYP_F":0,"ELEVTYP_T":0},"geometry":{"type":"LineString","coordinates":[[-74.8086325058789,39.0024352543732],[-74.808949973076,39.0021719947249]]}},{"type":"Feature","id":233438,"properties":{"OBJECTID":233438,"PRIMENAME":"Ocean Avenue","ELEVTYP_F":0,"ELEVTYP_T":0},"geometry":{"type":"LineString","coordinates":[[-74.7961646192108,38.996322498342],[-74.7963884429573,38.9961364205595],[-74.7968136448711,38.995782774085]]}},{"type":"Feature","id":234234,"properties":{"OBJECTID":234234,"PRIMENAME":"New York Avenue","ELEVTYP_F":0,"ELEVTYP_T":0},"geometry":{"type":"LineString","coordinates":[[-74.7979033908789,39.0067679787516],[-74.7985597963278,39.0062230099006]]}},{"type":"Feature","id":234834,"properties":{"OBJECTID":234834,"PRIMENAME":"East 23rd Avenue","ELEVTYP_F":0,"ELEVTYP_T":0},"geometry":{"type":"LineString","coordinates":[[-74.8066063356639,38.9948317479035],[-74.8066638728093,38.9948740471902],[-74.8067169966251,38.9949131185441]]}},{"type":"Feature","id":235058,"properties":{"OBJECTID":235058,"PRIMENAME":"Ash Avenue","ELEVTYP_F":0,"ELEVTYP_T":0},"geometry":{"type":"LineString","coordinates":[[-74.797983599468,39.0220068903292],[-74.7980326002498,39.0220498911019],[-74.7982631150379,39.0223696061692],[-74.7986735995801,39.0226268918007],[-74.7989592385613,39.0228437519179],[-74.7996786019062,39.0233898916991]]}},{"type":"Feature","id":235115,"properties":{"OBJECTID":235115,"PRIMENAME":"East 20th Avenue","ELEVTYP_F":0,"ELEVTYP_T":0},"geometry":{"type":"LineString","coordinates":[[-74.8032148115152,38.9953918654529],[-74.8027572166707,38.9950553433619],[-74.8015671029664,38.9941857154341]]}},{"type":"Feature","id":236155,"properties":{"OBJECTID":236155,"PRIMENAME":"Central Avenue","ELEVTYP_F":0,"ELEVTYP_T":0},"geometry":{"type":"LineString","coordinates":[[-74.8086109614589,38.9932552674768],[-74.8084266898729,38.9934976898022]]}},{"type":"Feature","id":236246,"properties":{"OBJECTID":236246,"PRIMENAME":"Surf Avenue","ELEVTYP_F":0,"ELEVTYP_T":0},"geometry":{"type":"LineString","coordinates":[[-74.7996132037825,38.9958022267106],[-74.8002662847854,38.9952635169292]]}},{"type":"Feature","id":236916,"properties":{"OBJECTID":236916,"PRIMENAME":"New Jersey Avenue","ELEVTYP_F":0,"ELEVTYP_T":0},"geometry":{"type":"LineString","coordinates":[[-74.8088201152859,38.9954354302555],[-74.8081639778648,38.9959769426173]]}},{"type":"Feature","id":237098,"properties":{"OBJECTID":237098,"PRIMENAME":"Hoffman Canal Avenue","ELEVTYP_F":0,"ELEVTYP_T":0},"geometry":{"type":"LineString","coordinates":[[-74.8041771772122,39.0042531100798],[-74.8045074733683,39.0039802187215],[-74.8048337109201,39.0037134872099]]}},{"type":"Feature","id":237278,"properties":{"OBJECTID":237278,"PRIMENAME":"Park Boulevard","ELEVTYP_F":0,"ELEVTYP_T":0},"geometry":{"type":"LineString","coordinates":[[-74.8189200972734,38.9918207148669],[-74.8183474619874,38.9922372840706],[-74.8182238809499,38.9923292777644]]}},{"type":"Feature","id":239356,"properties":{"OBJECTID":239356,"PRIMENAME":"Maryland Avenue","ELEVTYP_F":0,"ELEVTYP_T":0},"geometry":{"type":"LineString","coordinates":[[-74.7945808188444,39.0140087975525],[-74.7946671098015,39.0139895228196],[-74.7946987763544,39.0139788171778],[-74.7947321029589,39.0139607752269],[-74.7948456358307,39.0138652628472],[-74.7949634855297,39.0137668837125]]}},{"type":"Feature","id":240505,"properties":{"OBJECTID":240505,"PRIMENAME":"West Pine Avenue","ELEVTYP_F":0,"ELEVTYP_T":0},"geometry":{"type":"LineString","coordinates":[[-74.7980408880022,39.0177111061018],[-74.7980852857984,39.0170856298667],[-74.7981412425174,39.016270800078],[-74.7981409565693,39.0162027038651],[-74.7981302966195,39.0161536630389],[-74.7981090907904,39.0160992403937],[-74.7980564668929,39.0160394333984],[-74.7979583353,39.0159633775844],[-74.797890725066,39.0159139876016]]}},{"type":"Feature","id":241193,"properties":{"OBJECTID":241193,"PRIMENAME":"Maryland Avenue","ELEVTYP_F":0,"ELEVTYP_T":0},"geometry":{"type":"LineString","coordinates":[[-74.8079879029576,39.0029739609201],[-74.8081465167369,39.0028383100567],[-74.8086325058789,39.0024352543732]]}},{"type":"Feature","id":241464,"properties":{"OBJECTID":241464,"PRIMENAME":"West 1st Avenue","ELEVTYP_F":0,"ELEVTYP_T":0},"geometry":{"type":"LineString","coordinates":[[-74.7953009257737,39.0089215882099],[-74.7942472727659,39.0081498714602]]}},{"type":"Feature","id":241839,"properties":{"OBJECTID":241839,"PRIMENAME":"West 26th Avenue","ELEVTYP_F":0,"ELEVTYP_T":0},"geometry":{"type":"LineString","coordinates":[[-74.8154038767931,38.9982480624567],[-74.8143624758891,38.9974909355561]]}},{"type":"Feature","id":241914,"properties":{"OBJECTID":241914,"PRIMENAME":"East 1st Avenue","ELEVTYP_F":0,"ELEVTYP_T":0},"geometry":{"type":"LineString","coordinates":[[-74.7893795066493,39.0045718851331],[-74.7908416813493,39.0056431726521]]}},{"type":"Feature","id":242207,"properties":{"OBJECTID":242207,"PRIMENAME":"East Maple Avenue","ELEVTYP_F":0,"ELEVTYP_T":0},"geometry":{"type":"LineString","coordinates":[[-74.8083179618901,38.9890771485312],[-74.8085889986617,38.9892591678994],[-74.8097822630268,38.9901327524417]]}},{"type":"Feature","id":242597,"properties":{"OBJECTID":242597,"PRIMENAME":"West 24th Avenue","ELEVTYP_F":0,"ELEVTYP_T":0},"geometry":{"type":"LineString","coordinates":[[-74.811741749149,38.9975774593148],[-74.8105997195996,38.9967467318383],[-74.8102752679765,38.9965076636671]]}},{"type":"Feature","id":242847,"properties":{"OBJECTID":242847,"PRIMENAME":"Beach Drive","ELEVTYP_F":0,"ELEVTYP_T":0},"geometry":{"type":"LineString","coordinates":[[-74.789551481706,38.9996096908363],[-74.7892744141661,38.9997416563898],[-74.7891246131069,38.9998105644668],[-74.7890407210984,38.9998793081912],[-74.7888874691453,39.0000082201949],[-74.7888027343819,39.0000776522907]]}},{"type":"Feature","id":243053,"properties":{"OBJECTID":243053,"PRIMENAME":"Maryland Avenue","ELEVTYP_F":0,"ELEVTYP_T":0},"geometry":{"type":"LineString","coordinates":[[-74.8096336240241,39.0016177762405],[-74.8099383119927,39.0013549045313]]}},{"type":"Feature","id":244297,"properties":{"OBJECTID":244297,"PRIMENAME":"Surf Avenue","ELEVTYP_F":0,"ELEVTYP_T":0},"geometry":{"type":"LineString","coordinates":[[-74.8041745137536,38.9920259626249],[-74.8048281946777,38.9914874173761]]}},{"type":"Feature","id":245755,"properties":{"OBJECTID":245755,"PRIMENAME":"East 23rd Avenue","ELEVTYP_F":0,"ELEVTYP_T":0},"geometry":{"type":"LineString","coordinates":[[-74.8035222659911,38.9925645274734],[-74.8044689895082,38.993260327784],[-74.8051662136166,38.9937728563653]]}},{"type":"Feature","id":246710,"properties":{"OBJECTID":246710,"PRIMENAME":"East 3rd Avenue","ELEVTYP_F":0,"ELEVTYP_T":0},"geometry":{"type":"LineString","coordinates":[[-74.7937053202662,39.005712580252],[-74.7940264711227,39.0059479674882],[-74.7951453875075,39.0067746866719]]}},{"type":"Feature","id":247516,"properties":{"OBJECTID":247516,"PRIMENAME":"Maryland Avenue","ELEVTYP_F":0,"ELEVTYP_T":0},"geometry":{"type":"LineString","coordinates":[[-74.7962646855199,39.0126890612434],[-74.7967923107272,39.0122538240285],[-74.7969163295882,39.0121508418235]]}},{"type":"Feature","id":249486,"properties":{"OBJECTID":249486,"PRIMENAME":"New York Avenue","ELEVTYP_F":0,"ELEVTYP_T":0},"geometry":{"type":"LineString","coordinates":[[-74.8096257497434,38.9970498521027],[-74.8097218556917,38.9969710660764],[-74.8102752679765,38.9965076636671]]}},{"type":"Feature","id":250337,"properties":{"OBJECTID":250337,"PRIMENAME":"Beach Creek Bridge","ELEVTYP_F":0,"ELEVTYP_T":0},"geometry":{"type":"LineString","coordinates":[[-74.7993619392059,39.0206220525421],[-74.7993823125803,39.0206658324917],[-74.7994861419964,39.0208639524158],[-74.7995607304528,39.020989299311],[-74.7996870986009,39.0211898601497],[-74.7997518702407,39.0212826120052],[-74.7998813609071,39.0214555406388],[-74.799997888059,39.0216009073294],[-74.8001110991232,39.0217362045142],[-74.800211367482,39.0218489377326],[-74.8003245514901,39.0219691877161],[-74.8004409527934,39.0220844052073],[-74.8004687230951,39.0221113045164]]}},{"type":"Feature","id":250395,"properties":{"OBJECTID":250395,"PRIMENAME":"Central Avenue","ELEVTYP_F":0,"ELEVTYP_T":0},"geometry":{"type":"LineString","coordinates":[[-74.7995574968696,39.0008497657762],[-74.7989030999428,39.0013904239899]]}},{"type":"Feature","id":250466,"properties":{"OBJECTID":250466,"PRIMENAME":"East Juniper Avenue","ELEVTYP_F":0,"ELEVTYP_T":0},"geometry":{"type":"LineString","coordinates":[[-74.8093702519377,38.9932676174098],[-74.8095529672412,38.9933956923804],[-74.8104666672012,38.9940631118897]]}},{"type":"Feature","id":250674,"properties":{"OBJECTID":250674,"PRIMENAME":"East Walnut Avenue","ELEVTYP_F":0,"ELEVTYP_T":0},"geometry":{"type":"LineString","coordinates":[[-74.790989145934,39.007801771324],[-74.7910874164032,39.0078731924457]]}},{"type":"Feature","id":250948,"properties":{"OBJECTID":250948,"PRIMENAME":"West 20th Avenue","ELEVTYP_F":0,"ELEVTYP_T":0},"geometry":{"type":"LineString","coordinates":[[-74.8103602457392,39.0006560936578],[-74.8091321250265,38.9997398011187]]}},{"type":"Feature","id":251079,"properties":{"OBJECTID":251079,"PRIMENAME":"New Jersey Avenue","ELEVTYP_F":0,"ELEVTYP_T":0},"geometry":{"type":"LineString","coordinates":[[-74.7964391616141,39.0056941331973],[-74.7960103181496,39.006049929278],[-74.79579158228,39.0062316816374]]}},{"type":"Feature","id":251173,"properties":{"OBJECTID":251173,"PRIMENAME":"Old New Jersey Avenue","ELEVTYP_F":0,"ELEVTYP_T":0},"geometry":{"type":"LineString","coordinates":[[-74.7925318758565,39.0089324090827],[-74.7921975451898,39.0092079944032],[-74.7918779359292,39.0094695110071]]}},{"type":"Feature","id":251212,"properties":{"OBJECTID":251212,"PRIMENAME":"Surf Avenue","ELEVTYP_F":0,"ELEVTYP_T":0},"geometry":{"type":"LineString","coordinates":[[-74.7937584811603,39.0006631315905],[-74.7940290399876,39.0004389657907],[-74.7944041666514,39.0001269716635]]}},{"type":"Feature","id":251415,"properties":{"OBJECTID":251415,"PRIMENAME":"East Marina Court","ELEVTYP_F":0,"ELEVTYP_T":0},"geometry":{"type":"LineString","coordinates":[[-74.7958014278033,39.0214442754289],[-74.7958835984624,39.0216218904395],[-74.7962611423739,39.0222423524108],[-74.7963133815195,39.0223282031737],[-74.7962089257224,39.0223990399876]]}},{"type":"Feature","id":251488,"properties":{"OBJECTID":251488,"PRIMENAME":"West Lincoln Avenue","ELEVTYP_F":0,"ELEVTYP_T":0},"geometry":{"type":"LineString","coordinates":[[-74.8183060079439,38.9913091118814],[-74.8185648406,38.9915238984644],[-74.8189200972734,38.9918207148669]]}},{"type":"Feature","id":253007,"properties":{"OBJECTID":253007,"PRIMENAME":"East 20th Avenue","ELEVTYP_F":0,"ELEVTYP_T":0},"geometry":{"type":"LineString","coordinates":[[-74.8047675406255,38.996533493152],[-74.8047139916904,38.9964941202426],[-74.8046539494741,38.9964499869841]]}},{"type":"Feature","id":253052,"properties":{"OBJECTID":253052,"PRIMENAME":"FR ILLINOIS AVE SB TO NJ 147 WB","ELEVTYP_F":0,"ELEVTYP_T":0},"geometry":{"type":"LineString","coordinates":[[-74.7986372748906,39.019860469023],[-74.7987318696426,39.0198220880227],[-74.7987693410578,39.01981026737],[-74.7987963445211,39.0198032237517],[-74.7988217830024,39.0198007965385],[-74.7988562472176,39.0198018613532],[-74.798896830317,39.019809940791],[-74.79893891643,39.0198239187972],[-74.7989840140188,39.0198507119097],[-74.7990216231458,39.0198880417389],[-74.7990759278365,39.0199616280024],[-74.7991192000977,39.0200397450256]]}},{"type":"Feature","id":253059,"properties":{"OBJECTID":253059,"PRIMENAME":"New Jersey Avenue","ELEVTYP_F":0,"ELEVTYP_T":0},"geometry":{"type":"LineString","coordinates":[[-74.7948513552892,39.0070885643475],[-74.7948192392866,39.0071259889382],[-74.7947432883154,39.0072348887494],[-74.7946807722999,39.0073332370135],[-74.7946347608533,39.0074147677131]]}},{"type":"Feature","id":253495,"properties":{"OBJECTID":253495,"PRIMENAME":"West 21st Avenue","ELEVTYP_F":0,"ELEVTYP_T":0},"geometry":{"type":"LineString","coordinates":[[-74.8083210339508,38.9981295107009],[-74.8089242877956,38.99857186123],[-74.8097829120583,38.9991996166923]]}},{"type":"Feature","id":253897,"properties":{"OBJECTID":253897,"PRIMENAME":"West 19th Avenue","ELEVTYP_F":0,"ELEVTYP_T":0},"geometry":{"type":"LineString","coordinates":[[-74.8084806652207,39.0002809998311],[-74.8098901951521,39.0013196933051],[-74.8099383119927,39.0013549045313]]}},{"type":"Feature","id":253992,"properties":{"OBJECTID":253992,"PRIMENAME":"West 23rd Avenue","ELEVTYP_F":0,"ELEVTYP_T":0},"geometry":{"type":"LineString","coordinates":[[-74.8081639778648,38.9959769426173],[-74.8094374593745,38.9969119889314],[-74.8096257497434,38.9970498521027]]}},{"type":"Feature","id":254014,"properties":{"OBJECTID":254014,"PRIMENAME":"East 20th Avenue","ELEVTYP_F":0,"ELEVTYP_T":0},"geometry":{"type":"LineString","coordinates":[[-74.8015671029664,38.9941857154341],[-74.8012732670121,38.993971008595],[-74.7997285402338,38.9928394722264],[-74.7991973875555,38.992440272524]]}},{"type":"Feature","id":255054,"properties":{"OBJECTID":255054,"PRIMENAME":"Anglesea Drive","ELEVTYP_F":0,"ELEVTYP_T":0},"geometry":{"type":"LineString","coordinates":[[-74.7946012678055,39.014568757042],[-74.7946181377146,39.0150294371494],[-74.7946443268531,39.0156323548897]]}},{"type":"Feature","id":256308,"properties":{"OBJECTID":256308,"PRIMENAME":"New Jersey Avenue","ELEVTYP_F":0,"ELEVTYP_T":0},"geometry":{"type":"LineString","coordinates":[[-74.8081639778648,38.9959769426173],[-74.8077567012872,38.9963130919249],[-74.8075112372993,38.9965168756991]]}},{"type":"Feature","id":256640,"properties":{"OBJECTID":256640,"PRIMENAME":"North Wildwood Boulevard","ELEVTYP_F":0,"ELEVTYP_T":0},"geometry":{"type":"LineString","coordinates":[[-74.8060967299682,39.0251653991622],[-74.8062669274739,39.0252463387412]]}},{"type":"Feature","id":257058,"properties":{"OBJECTID":257058,"PRIMENAME":"Ocean Avenue","ELEVTYP_F":0,"ELEVTYP_T":0},"geometry":{"type":"LineString","coordinates":[[-74.7929072082691,38.9990230145966],[-74.7931400633251,38.9988296991163],[-74.7935605003263,38.9984818430145]]}},{"type":"Feature","id":257870,"properties":{"OBJECTID":257870,"PRIMENAME":"East Oak Avenue","ELEVTYP_F":0,"ELEVTYP_T":0},"geometry":{"type":"LineString","coordinates":[[-74.8133581991078,38.98987547432],[-74.8129400987847,38.9895780139344],[-74.8123850591791,38.9891828641395],[-74.8118341365738,38.9887940995067],[-74.8115881411267,38.9886192970874]]}},{"type":"Feature","id":258431,"properties":{"OBJECTID":258431,"PRIMENAME":"West 26th Avenue","ELEVTYP_F":0,"ELEVTYP_T":0},"geometry":{"type":"LineString","coordinates":[[-74.8143624758891,38.9974909355561],[-74.814156809225,38.9973414291343],[-74.8132655778103,38.9966796081778],[-74.8131073474803,38.9965776137599]]}},{"type":"Feature","id":258475,"properties":{"OBJECTID":258475,"PRIMENAME":"Ocean Avenue","ELEVTYP_F":0,"ELEVTYP_T":0},"geometry":{"type":"LineString","coordinates":[[-74.807211135723,38.9900251314277],[-74.8067255295229,38.9904419911835],[-74.8066629572648,38.9904957273484]]}},{"type":"Feature","id":259273,"properties":{"OBJECTID":259273,"PRIMENAME":"East 1st Avenue","ELEVTYP_F":0,"ELEVTYP_T":0},"geometry":{"type":"LineString","coordinates":[[-74.7938417070782,39.0078519822758],[-74.7924011061319,39.0067890099864]]}},{"type":"Feature","id":259604,"properties":{"OBJECTID":259604,"PRIMENAME":"East Maple Avenue","ELEVTYP_F":0,"ELEVTYP_T":0},"geometry":{"type":"LineString","coordinates":[[-74.807643007532,38.988623888945],[-74.8083179618901,38.9890771485312]]}},{"type":"Feature","id":259610,"properties":{"OBJECTID":259610,"PRIMENAME":"Atlantic Avenue","ELEVTYP_F":0,"ELEVTYP_T":0},"geometry":{"type":"LineString","coordinates":[[-74.8058141008021,38.9932347884436],[-74.8055723167823,38.9934341380552],[-74.8051662136166,38.9937728563653]]}},{"type":"Feature","id":259890,"properties":{"OBJECTID":259890,"PRIMENAME":"Ocean Avenue","ELEVTYP_F":0,"ELEVTYP_T":0},"geometry":{"type":"LineString","coordinates":[[-74.7948625716336,38.997404443208],[-74.7949516075979,38.9973307392386],[-74.7955143897397,38.9968629895368]]}},{"type":"Feature","id":260034,"properties":{"OBJECTID":260034,"PRIMENAME":"East 2nd Avenue","ELEVTYP_F":0,"ELEVTYP_T":0},"geometry":{"type":"LineString","coordinates":[[-74.7898474075332,39.0039016305845],[-74.7904240560988,39.004325416287],[-74.7914042942807,39.0050426557362],[-74.7914952215185,39.0051095365302]]}},{"type":"Feature","id":260445,"properties":{"OBJECTID":260445,"PRIMENAME":"East 12th Avenue","ELEVTYP_F":0,"ELEVTYP_T":0},"geometry":{"type":"LineString","coordinates":[[-74.7936628213102,38.9965306954851],[-74.7948625716336,38.997404443208]]}},{"type":"Feature","id":260765,"properties":{"OBJECTID":260765,"PRIMENAME":"East 15th Avenue","ELEVTYP_F":0,"ELEVTYP_T":0},"geometry":{"type":"LineString","coordinates":[[-74.7955698236841,38.9948498854906],[-74.7957544829952,38.9949904252747],[-74.7959812487798,38.9951630115869],[-74.7968136448711,38.995782774085]]}},{"type":"Feature","id":261725,"properties":{"OBJECTID":261725,"PRIMENAME":"East 13th Avenue","ELEVTYP_F":0,"ELEVTYP_T":0},"geometry":{"type":"LineString","coordinates":[[-74.7970140855691,38.9979663309483],[-74.79827068428,38.9988879227072],[-74.7986552488737,38.9991700352035]]}},{"type":"Feature","id":262271,"properties":{"OBJECTID":262271,"PRIMENAME":"FR X100280 to N WILDWOOD BLVD","ELEVTYP_F":0,"ELEVTYP_T":0},"geometry":{"type":"LineString","coordinates":[[-74.8072495334842,39.0260733782623],[-74.8072655784207,39.0262098854719],[-74.8072695067902,39.0262676192703],[-74.8072734351705,39.0263253539689]]}},{"type":"Feature","id":262346,"properties":{"OBJECTID":262346,"PRIMENAME":"Ocean Avenue","ELEVTYP_F":0,"ELEVTYP_T":0},"geometry":{"type":"LineString","coordinates":[[-74.8094677477092,38.9880715163847],[-74.808874130773,38.9885959789808]]}},{"type":"Feature","id":263135,"properties":{"OBJECTID":263135,"PRIMENAME":"East Schellenger Avenue","ELEVTYP_F":0,"ELEVTYP_T":0},"geometry":{"type":"LineString","coordinates":[[-74.8159992879526,38.9904370699252],[-74.8152865100347,38.9898469402292],[-74.8143623547378,38.989072882356]]}},{"type":"Feature","id":263745,"properties":{"OBJECTID":263745,"PRIMENAME":"West Oak Avenue","ELEVTYP_F":0,"ELEVTYP_T":0},"geometry":{"type":"LineString","coordinates":[[-74.7972466393091,39.0164562566771],[-74.795835596876,39.0154291418371],[-74.7957757874927,39.0153846738617]]}},{"type":"Feature","id":263843,"properties":{"OBJECTID":263843,"PRIMENAME":"New Jersey Avenue","ELEVTYP_F":0,"ELEVTYP_T":0},"geometry":{"type":"LineString","coordinates":[[-74.8193442596314,38.9879937216137],[-74.8189067744337,38.9883109089201],[-74.8186697880159,38.9884855331141]]}},{"type":"Feature","id":265098,"properties":{"OBJECTID":265098,"PRIMENAME":"North New York Avenue","ELEVTYP_F":0,"ELEVTYP_T":0},"geometry":{"type":"LineString","coordinates":[[-74.7921556433458,39.0115260681706],[-74.7925917816417,39.0111633784405],[-74.7926813615527,39.0110888840308]]}},{"type":"Feature","id":265803,"properties":{"OBJECTID":265803,"PRIMENAME":"Atlantic Avenue","ELEVTYP_F":0,"ELEVTYP_T":0},"geometry":{"type":"LineString","coordinates":[[-74.8064684791608,38.992695271069],[-74.8058141008021,38.9932347884436]]}},{"type":"Feature","id":266097,"properties":{"OBJECTID":266097,"PRIMENAME":"New York Avenue","ELEVTYP_F":0,"ELEVTYP_T":0},"geometry":{"type":"LineString","coordinates":[[-74.8109223610608,38.9959683337788],[-74.8115702650504,38.9954318808633]]}},{"type":"Feature","id":266505,"properties":{"OBJECTID":266505,"PRIMENAME":"Ocean Avenue","ELEVTYP_F":0,"ELEVTYP_T":0},"geometry":{"type":"LineString","coordinates":[[-74.7896511255714,39.0017214312704],[-74.7903022241125,39.0011825627457]]}},{"type":"Feature","id":266812,"properties":{"OBJECTID":266812,"PRIMENAME":"Kirby Avenue","ELEVTYP_F":0,"ELEVTYP_T":0},"geometry":{"type":"LineString","coordinates":[[-74.8152418006354,38.9931249339237],[-74.8158491811835,38.9926036416016]]}},{"type":"Feature","id":267185,"properties":{"OBJECTID":267185,"PRIMENAME":"East 22nd Avenue","ELEVTYP_F":0,"ELEVTYP_T":0},"geometry":{"type":"LineString","coordinates":[[-74.8075112372993,38.9965168756991],[-74.80726544854,38.9963367649971],[-74.8060644063322,38.9954555422323]]}},{"type":"Feature","id":267771,"properties":{"OBJECTID":267771,"PRIMENAME":"East 14th Avenue","ELEVTYP_F":0,"ELEVTYP_T":0},"geometry":{"type":"LineString","coordinates":[[-74.7961646192108,38.996322498342],[-74.7955889103223,38.9958970624025],[-74.7951134702363,38.9955514937369]]}},{"type":"Feature","id":267893,"properties":{"OBJECTID":267893,"PRIMENAME":"Pacific Avenue","ELEVTYP_F":0,"ELEVTYP_T":0},"geometry":{"type":"LineString","coordinates":[[-74.8163653287715,38.9876116250806],[-74.816249455518,38.9876950007013],[-74.8158036293044,38.9880224139154],[-74.8156974715863,38.9880992827704]]}},{"type":"Feature","id":268676,"properties":{"OBJECTID":268676,"PRIMENAME":"Saint Vincent Court","ELEVTYP_F":0,"ELEVTYP_T":0},"geometry":{"type":"LineString","coordinates":[[-74.7974730735368,39.0205917193361],[-74.7973467967869,39.0206130466186],[-74.797273627653,39.0206322889836],[-74.7972208172923,39.0206546378484],[-74.7971762033724,39.0206928632826],[-74.7970749744743,39.020820115317],[-74.7969503302567,39.0210054584512],[-74.7968889065458,39.021096791705]]}},{"type":"Feature","id":269421,"properties":{"OBJECTID":269421,"PRIMENAME":"West 16th Avenue","ELEVTYP_F":0,"ELEVTYP_T":0},"geometry":{"type":"LineString","coordinates":[[-74.8092020060678,39.0038700921458],[-74.8087534148254,39.0035389899024],[-74.8079879029576,39.0029739609201]]}},{"type":"Feature","id":269699,"properties":{"OBJECTID":269699,"PRIMENAME":"Delaware Avenue","ELEVTYP_F":0,"ELEVTYP_T":0},"geometry":{"type":"LineString","coordinates":[[-74.8123880154912,38.9970426270227],[-74.8121344198361,38.9972511105267],[-74.811741749149,38.9975774593148]]}},{"type":"Feature","id":270824,"properties":{"OBJECTID":270824,"PRIMENAME":"Pacific Avenue","ELEVTYP_F":0,"ELEVTYP_T":0},"geometry":{"type":"LineString","coordinates":[[-74.8127447185522,38.9904005322706],[-74.8125124238939,38.9905989375893],[-74.8121323216417,38.990926270521]]}},{"type":"Feature","id":271458,"properties":{"OBJECTID":271458,"PRIMENAME":"West Glenwood Avenue","ELEVTYP_F":0,"ELEVTYP_T":0},"geometry":{"type":"LineString","coordinates":[[-74.8174874658661,38.9964661851528],[-74.8174377756844,38.9964334253334],[-74.816432347375,38.9957175711206]]}},{"type":"Feature","id":273108,"properties":{"OBJECTID":273108,"PRIMENAME":"West 20th Avenue","ELEVTYP_F":0,"ELEVTYP_T":0},"geometry":{"type":"LineString","coordinates":[[-74.8076681501262,38.9986731519172],[-74.807168881704,38.9983115231843],[-74.8062088246743,38.9975974650575]]}},{"type":"Feature","id":273458,"properties":{"OBJECTID":273458,"PRIMENAME":"North New York Avenue","ELEVTYP_F":0,"ELEVTYP_T":0},"geometry":{"type":"LineString","coordinates":[[-74.7946446356444,39.009464067186],[-74.7949747776437,39.0091902970992],[-74.7953009257737,39.0089215882099]]}},{"type":"Feature","id":274589,"properties":{"OBJECTID":274589,"PRIMENAME":"New York Avenue","ELEVTYP_F":0,"ELEVTYP_T":0},"geometry":{"type":"LineString","coordinates":[[-74.8102752679765,38.9965076636671],[-74.8106582519171,38.9961869471133],[-74.8109223610608,38.9959683337788]]}},{"type":"Feature","id":275015,"properties":{"OBJECTID":275015,"PRIMENAME":"West Pine Avenue","ELEVTYP_F":0,"ELEVTYP_T":0},"geometry":{"type":"LineString","coordinates":[[-74.8186122217276,38.9955153390092],[-74.8185145396848,38.9954438564489],[-74.8176854004449,38.9948621601698],[-74.8175441524226,38.994765534285]]}},{"type":"Feature","id":275789,"properties":{"OBJECTID":275789,"PRIMENAME":"West 13th Avenue","ELEVTYP_F":0,"ELEVTYP_T":0},"geometry":{"type":"LineString","coordinates":[[-74.8048337109201,39.0037134872099],[-74.8050846018597,39.0038788882672]]}},{"type":"Feature","id":275989,"properties":{"OBJECTID":275989,"PRIMENAME":"Beach Drive","ELEVTYP_F":0,"ELEVTYP_T":0},"geometry":{"type":"LineString","coordinates":[[-74.7923699502111,38.9976039681924],[-74.7919425144861,38.9979614479801],[-74.7917179671863,38.9981470514598]]}},{"type":"Feature","id":276623,"properties":{"OBJECTID":276623,"PRIMENAME":"Anglesea Drive","ELEVTYP_F":0,"ELEVTYP_T":0},"geometry":{"type":"LineString","coordinates":[[-74.7945808188444,39.0140087975525],[-74.7946012678055,39.014568757042]]}},{"type":"Feature","id":276814,"properties":{"OBJECTID":276814,"PRIMENAME":"East 18th Avenue","ELEVTYP_F":0,"ELEVTYP_T":0},"geometry":{"type":"LineString","coordinates":[[-74.80490466412,38.9986732670234],[-74.8034686006388,38.9976131366382]]}},{"type":"Feature","id":277356,"properties":{"OBJECTID":277356,"PRIMENAME":"New Jersey Avenue","ELEVTYP_F":0,"ELEVTYP_T":0},"geometry":{"type":"LineString","coordinates":[[-74.8075112372993,38.9965168756991],[-74.8068595814688,38.9970579292202]]}},{"type":"Feature","id":278636,"properties":{"OBJECTID":278636,"PRIMENAME":"Pacific Avenue","ELEVTYP_F":0,"ELEVTYP_T":0},"geometry":{"type":"LineString","coordinates":[[-74.8093702519377,38.9932676174098],[-74.809642626707,38.9930339378275],[-74.8099090531726,38.9928081262321]]}},{"type":"Feature","id":278796,"properties":{"OBJECTID":278796,"PRIMENAME":"Hoffman Canal Avenue","ELEVTYP_F":0,"ELEVTYP_T":0},"geometry":{"type":"LineString","coordinates":[[-74.8054868865366,39.0031644797138],[-74.8054897684256,39.0031620965939],[-74.8058087553865,39.0028984163186],[-74.8061296193871,39.002628263847]]}},{"type":"Feature","id":279116,"properties":{"OBJECTID":279116,"PRIMENAME":"East 10th Avenue","ELEVTYP_F":0,"ELEVTYP_T":0},"geometry":{"type":"LineString","coordinates":[[-74.7981454941061,39.0018500934762],[-74.7974888681524,39.0013672945926],[-74.7967046126883,39.0007903872492]]}},{"type":"Feature","id":279188,"properties":{"OBJECTID":279188,"PRIMENAME":"West Ocean Drive","ELEVTYP_F":0,"ELEVTYP_T":0},"geometry":{"type":"LineString","coordinates":[[-74.8055732995167,39.0256269986669],[-74.8055659329,39.0256330311967],[-74.8049592626032,39.0261238698017],[-74.8047148119625,39.0263271504855]]}},{"type":"Feature","id":279954,"properties":{"OBJECTID":279954,"PRIMENAME":"West Marina Court","ELEVTYP_F":0,"ELEVTYP_T":0},"geometry":{"type":"LineString","coordinates":[[-74.7958014278033,39.0214442754289],[-74.7955174773176,39.0210079474862]]}},{"type":"Feature","id":280500,"properties":{"OBJECTID":280500,"PRIMENAME":"East 4th Avenue","ELEVTYP_F":0,"ELEVTYP_T":0},"geometry":{"type":"LineString","coordinates":[[-74.7942354882339,39.0050929376228],[-74.7934787974659,39.0045390591958],[-74.7927944229208,39.0040331012885]]}},{"type":"Feature","id":280613,"properties":{"OBJECTID":280613,"PRIMENAME":"West Wildwood Avenue","ELEVTYP_F":0,"ELEVTYP_T":0},"geometry":{"type":"LineString","coordinates":[[-74.8144239861346,38.9915913929116],[-74.8152385487704,38.992169692852],[-74.8158491811835,38.9926036416016]]}},{"type":"Feature","id":281059,"properties":{"OBJECTID":281059,"PRIMENAME":"East 8th Avenue","ELEVTYP_F":0,"ELEVTYP_T":0},"geometry":{"type":"LineString","coordinates":[[-74.7922613808964,38.9995592477755],[-74.7921797419024,38.9994990439664],[-74.7910643440563,38.9986873073282]]}},{"type":"Feature","id":281607,"properties":{"OBJECTID":281607,"PRIMENAME":"West 17th Avenue","ELEVTYP_F":0,"ELEVTYP_T":0},"geometry":{"type":"LineString","coordinates":[[-74.8042546906247,38.9992136420227],[-74.8048017899913,38.9996204103845],[-74.8057159988705,39.0002912423404]]}},{"type":"Feature","id":281612,"properties":{"OBJECTID":281612,"PRIMENAME":"Seabreeze Court","ELEVTYP_F":0,"ELEVTYP_T":0},"geometry":{"type":"LineString","coordinates":[[-74.7950065997453,39.0192088908933],[-74.7950426001992,39.0200828916904],[-74.7950426515262,39.0200838491747]]}},{"type":"Feature","id":281854,"properties":{"OBJECTID":281854,"PRIMENAME":"East 19th Avenue","ELEVTYP_F":0,"ELEVTYP_T":0},"geometry":{"type":"LineString","coordinates":[[-74.7984597787412,38.9929215852508],[-74.7993915840884,38.9936047123068],[-74.799801755358,38.9939054115954],[-74.8009228196207,38.9947200163672]]}},{"type":"Feature","id":282376,"properties":{"OBJECTID":282376,"PRIMENAME":"West 1st Avenue","ELEVTYP_F":0,"ELEVTYP_T":0},"geometry":{"type":"LineString","coordinates":[[-74.7973851253948,39.0104609068007],[-74.7967576070654,39.0099965377129]]}},{"type":"Feature","id":282531,"properties":{"OBJECTID":282531,"PRIMENAME":"Pacific Avenue","ELEVTYP_F":0,"ELEVTYP_T":0},"geometry":{"type":"LineString","coordinates":[[-74.8121323216417,38.990926270521],[-74.8119043789429,38.9911225756721],[-74.8116753074403,38.991318939242],[-74.8116128096951,38.9913647691644],[-74.8115669518842,38.9913942724048]]}},{"type":"Feature","id":282817,"properties":{"OBJECTID":282817,"PRIMENAME":"East Glenwood Avenue","ELEVTYP_F":0,"ELEVTYP_T":0},"geometry":{"type":"LineString","coordinates":[[-74.81102129638,38.9918581822028],[-74.8103695848269,38.9914038064828],[-74.8093114793015,38.9906536243886],[-74.8092023889996,38.9905766175701]]}},{"type":"Feature","id":283279,"properties":{"OBJECTID":283279,"PRIMENAME":"East Cedar Avenue","ELEVTYP_F":0,"ELEVTYP_T":0},"geometry":{"type":"LineString","coordinates":[[-74.8126072080319,38.9883746352019],[-74.81220399412,38.9880913829789]]}},{"type":"Feature","id":283570,"properties":{"OBJECTID":283570,"PRIMENAME":"West Spencer Avenue","ELEVTYP_F":0,"ELEVTYP_T":0},"geometry":{"type":"LineString","coordinates":[[-74.8186697880159,38.9884855331141],[-74.819828883135,38.9894504350954],[-74.8203066362332,38.9898465570474]]}},{"type":"Feature","id":283621,"properties":{"OBJECTID":283621,"PRIMENAME":"New Jersey Avenue","ELEVTYP_F":0,"ELEVTYP_T":0},"geometry":{"type":"LineString","coordinates":[[-74.7977451881094,39.0046158140433],[-74.7973628725007,39.0049278649344],[-74.7970953597218,39.0051497774888]]}},{"type":"Feature","id":283665,"properties":{"OBJECTID":283665,"PRIMENAME":"Lake Avenue","ELEVTYP_F":0,"ELEVTYP_T":0},"geometry":{"type":"LineString","coordinates":[[-74.8158425346634,38.9978764626042],[-74.8154038767931,38.9982480624567]]}},{"type":"Feature","id":283722,"properties":{"OBJECTID":283722,"PRIMENAME":"West Pine Avenue","ELEVTYP_F":0,"ELEVTYP_T":0},"geometry":{"type":"LineString","coordinates":[[-74.7945054260539,39.0125146243748],[-74.7946312786463,39.0125557417124],[-74.7947168510383,39.0125841089923],[-74.794822910535,39.0126473246969],[-74.7951371920519,39.0128814638019],[-74.7956127133586,39.0132268381982]]}},{"type":"Feature","id":284183,"properties":{"OBJECTID":284183,"PRIMENAME":"Maryland Avenue","ELEVTYP_F":0,"ELEVTYP_T":0},"geometry":{"type":"LineString","coordinates":[[-74.8094475712009,39.0017782414109],[-74.8096336240241,39.0016177762405]]}},{"type":"Feature","id":284649,"properties":{"OBJECTID":284649,"PRIMENAME":"New York Avenue","ELEVTYP_F":0,"ELEVTYP_T":0},"geometry":{"type":"LineString","coordinates":[[-74.8070224008633,38.9992089178474],[-74.8076681501262,38.9986731519172]]}},{"type":"Feature","id":284717,"properties":{"OBJECTID":284717,"PRIMENAME":"East 21st Avenue","ELEVTYP_F":0,"ELEVTYP_T":0},"geometry":{"type":"LineString","coordinates":[[-74.802216671312,38.9936469487531],[-74.8025623303139,38.9939014154126],[-74.8038658189423,38.9948528112009]]}},{"type":"Feature","id":285517,"properties":{"OBJECTID":285517,"PRIMENAME":"Surf Avenue","ELEVTYP_F":0,"ELEVTYP_T":0},"geometry":{"type":"LineString","coordinates":[[-74.8009228196207,38.9947200163672],[-74.8015671029664,38.9941857154341]]}},{"type":"Feature","id":286067,"properties":{"OBJECTID":286067,"PRIMENAME":"West 2nd Avenue","ELEVTYP_F":0,"ELEVTYP_T":0},"geometry":{"type":"LineString","coordinates":[[-74.7946347608533,39.0074147677131],[-74.795237225064,39.0078546642947],[-74.7959542672227,39.0083832326255]]}},{"type":"Feature","id":286980,"properties":{"OBJECTID":286980,"PRIMENAME":"Surf Avenue","ELEVTYP_F":0,"ELEVTYP_T":0},"geometry":{"type":"LineString","coordinates":[[-74.7957085895491,38.9990440380747],[-74.796361762627,38.9985048834867]]}},{"type":"Feature","id":287005,"properties":{"OBJECTID":287005,"PRIMENAME":"New Jersey Avenue","ELEVTYP_F":0,"ELEVTYP_T":0},"geometry":{"type":"LineString","coordinates":[[-74.7951453875075,39.0067746866719],[-74.7950473888427,39.0068624163503],[-74.7949489650273,39.0069748873921],[-74.7948513552892,39.0070885643475]]}},{"type":"Feature","id":287293,"properties":{"OBJECTID":287293,"PRIMENAME":"New Jersey Avenue","ELEVTYP_F":0,"ELEVTYP_T":0},"geometry":{"type":"LineString","coordinates":[[-74.7996994459476,39.0029921688211],[-74.7991408751168,39.003454024098],[-74.7990457368262,39.0035333204684]]}},{"type":"Feature","id":287605,"properties":{"OBJECTID":287605,"PRIMENAME":"Allen Drive","ELEVTYP_F":0,"ELEVTYP_T":0},"geometry":{"type":"LineString","coordinates":[[-74.7964368495395,39.0209307840735],[-74.796489534012,39.0209708132161]]}},{"type":"Feature","id":288063,"properties":{"OBJECTID":288063,"PRIMENAME":"Park Boulevard","ELEVTYP_F":0,"ELEVTYP_T":0},"geometry":{"type":"LineString","coordinates":[[-74.8175348061334,38.99283940977],[-74.8173641680265,38.9929838383496],[-74.8170268270782,38.9932718597697],[-74.8169172176638,38.9933654338586]]}},{"type":"Feature","id":288142,"properties":{"OBJECTID":288142,"PRIMENAME":"East Glenwood Avenue","ELEVTYP_F":0,"ELEVTYP_T":0},"geometry":{"type":"LineString","coordinates":[[-74.8123876899946,38.992846932691],[-74.8112326649341,38.9920055638865],[-74.81102129638,38.9918581822028]]}},{"type":"Feature","id":288506,"properties":{"OBJECTID":288506,"PRIMENAME":"New York Avenue","ELEVTYP_F":0,"ELEVTYP_T":0},"geometry":{"type":"LineString","coordinates":[[-74.8076681501262,38.9986731519172],[-74.8077750556738,38.9985844538618],[-74.8083210339508,38.9981295107009]]}},{"type":"Feature","id":289876,"properties":{"OBJECTID":289876,"PRIMENAME":"New Jersey Avenue","ELEVTYP_F":0,"ELEVTYP_T":0},"geometry":{"type":"LineString","coordinates":[[-74.8144239861346,38.9915913929116],[-74.813952257099,38.9919327356771],[-74.8137658257017,38.9920714350876]]}},{"type":"Feature","id":289964,"properties":{"OBJECTID":289964,"PRIMENAME":"Atlantic Avenue","ELEVTYP_F":0,"ELEVTYP_T":0},"geometry":{"type":"LineString","coordinates":[[-74.8109717941777,38.9891411410043],[-74.8107094114787,38.9893704856742],[-74.8104261903647,38.9896061741221],[-74.8103626772382,38.989660930051]]}},{"type":"Feature","id":290612,"properties":{"OBJECTID":290612,"PRIMENAME":"Pacific Avenue","ELEVTYP_F":0,"ELEVTYP_T":0},"geometry":{"type":"LineString","coordinates":[[-74.8104635186216,38.9923358238182],[-74.8109504694319,38.9919146605609],[-74.81102129638,38.9918581822028]]}},{"type":"Feature","id":290683,"properties":{"OBJECTID":290683,"PRIMENAME":"Pine Avenue","ELEVTYP_F":0,"ELEVTYP_T":0},"geometry":{"type":"LineString","coordinates":[[-74.7935618220345,39.0131940149899],[-74.7935673136868,39.0132001243234],[-74.7935981244392,39.0132120453563],[-74.7936487073553,39.0132136486011],[-74.7938499383763,39.0132010325437],[-74.7941388037277,39.0131875916465],[-74.7945416584997,39.0131549703433]]}},{"type":"Feature","id":291051,"properties":{"OBJECTID":291051,"PRIMENAME":"Ash Avenue","ELEVTYP_F":0,"ELEVTYP_T":0},"geometry":{"type":"LineString","coordinates":[[-74.7975432346636,39.0206888476778],[-74.7976807678007,39.021351088153],[-74.7978520796148,39.0217967448658],[-74.797983599468,39.0220068903292]]}},{"type":"Feature","id":292543,"properties":{"OBJECTID":292543,"PRIMENAME":"West Poplar Avenue","ELEVTYP_F":0,"ELEVTYP_T":0},"geometry":{"type":"LineString","coordinates":[[-74.8124961540585,38.9946441779098],[-74.8119444451558,38.9942544271804],[-74.8110446269928,38.9936113650613]]}},{"type":"Feature","id":293243,"properties":{"OBJECTID":293243,"PRIMENAME":"Hoffman Avenue","ELEVTYP_F":0,"ELEVTYP_T":0},"geometry":{"type":"LineString","coordinates":[[-74.7928228553162,39.0118600256875],[-74.7927766561298,39.0114956324491],[-74.7927514938058,39.0113083749967],[-74.7926813615527,39.0110888840308]]}},{"type":"Feature","id":293272,"properties":{"OBJECTID":293272,"PRIMENAME":"East 21st Avenue","ELEVTYP_F":0,"ELEVTYP_T":0},"geometry":{"type":"LineString","coordinates":[[-74.7999755737972,38.9919966888926],[-74.8010297362823,38.9927730511778],[-74.802216671312,38.9936469487531]]}},{"type":"Feature","id":294369,"properties":{"OBJECTID":294369,"PRIMENAME":"West 26th Avenue","ELEVTYP_F":0,"ELEVTYP_T":0},"geometry":{"type":"LineString","coordinates":[[-74.8131073474803,38.9965776137599],[-74.8129883841884,38.9964810216755],[-74.8128429894169,38.9963629661045],[-74.8124906853056,38.9961127206737],[-74.8115702650504,38.9954318808633]]}},{"type":"Feature","id":294487,"properties":{"OBJECTID":294487,"PRIMENAME":"West 13th Avenue","ELEVTYP_F":0,"ELEVTYP_T":0},"geometry":{"type":"LineString","coordinates":[[-74.8016526959171,39.0013759342663],[-74.8020595965143,39.0016741228942],[-74.8031127556953,39.0024484071679]]}},{"type":"Feature","id":294603,"properties":{"OBJECTID":294603,"PRIMENAME":"East 2nd Avenue","ELEVTYP_F":0,"ELEVTYP_T":0},"geometry":{"type":"LineString","coordinates":[[-74.7930503420566,39.006253179745],[-74.7940991269192,39.0070236298479],[-74.7945089539479,39.0073228803413]]}},{"type":"Feature","id":294729,"properties":{"OBJECTID":294729,"PRIMENAME":"Old New Jersey Avenue","ELEVTYP_F":0,"ELEVTYP_T":0},"geometry":{"type":"LineString","coordinates":[[-74.79318832407,39.0083913693959],[-74.7925318758565,39.0089324090827]]}},{"type":"Feature","id":295156,"properties":{"OBJECTID":295156,"PRIMENAME":"Poplar Avenue","ELEVTYP_F":0,"ELEVTYP_T":0},"geometry":{"type":"LineString","coordinates":[[-74.8165884045928,38.9975502683052],[-74.8163915709369,38.9974096937397]]}},{"type":"Feature","id":295905,"properties":{"OBJECTID":295905,"PRIMENAME":"Venice Avenue","ELEVTYP_F":0,"ELEVTYP_T":0},"geometry":{"type":"LineString","coordinates":[[-74.818571561671,38.9973394817316],[-74.8186985813548,38.9971572776304],[-74.8188221567329,38.9969840896267],[-74.8188530314652,38.9969324389536],[-74.8188705725986,38.9969081145579],[-74.8188751319732,38.9969017897497],[-74.8188993820419,38.9968716562662],[-74.8189130365891,38.9968564348977],[-74.8189354607632,38.9968428642608],[-74.8189640342272,38.996835372049],[-74.8189717746721,38.9968353508885]]}},{"type":"Feature","id":296928,"properties":{"OBJECTID":296928,"PRIMENAME":"New York Avenue","ELEVTYP_F":0,"ELEVTYP_T":0},"geometry":{"type":"LineString","coordinates":[[-74.8130495693249,38.9941655502172],[-74.8135197955445,38.9937665527613],[-74.8135979296203,38.9936996194197]]}},{"type":"Feature","id":297113,"properties":{"OBJECTID":297113,"PRIMENAME":"Hudson Avenue","ELEVTYP_F":0,"ELEVTYP_T":0},"geometry":{"type":"LineString","coordinates":[[-74.816432347375,38.9957175711206],[-74.8166068772507,38.9955681903619],[-74.8169805056472,38.9952480000378]]}},{"type":"Feature","id":297699,"properties":{"OBJECTID":297699,"PRIMENAME":"East 21st Avenue","ELEVTYP_F":0,"ELEVTYP_T":0},"geometry":{"type":"LineString","coordinates":[[-74.8054138401248,38.9959963371832],[-74.8056235899271,38.9961518066979],[-74.8068595814688,38.9970579292202]]}},{"type":"Feature","id":298628,"properties":{"OBJECTID":298628,"PRIMENAME":"Arctic Avenue","ELEVTYP_F":0,"ELEVTYP_T":0},"geometry":{"type":"LineString","coordinates":[[-74.8176184140315,38.9918099047624],[-74.8183060079439,38.9913091118814]]}},{"type":"Feature","id":299047,"properties":{"OBJECTID":299047,"PRIMENAME":"Atlantic Avenue","ELEVTYP_F":0,"ELEVTYP_T":0},"geometry":{"type":"LineString","coordinates":[[-74.7986552488737,38.9991700352035],[-74.7980038590647,38.9997121636406]]}},{"type":"Feature","id":299246,"properties":{"OBJECTID":299246,"PRIMENAME":"Old New Jersey Avenue","ELEVTYP_F":0,"ELEVTYP_T":0},"geometry":{"type":"LineString","coordinates":[[-74.7945089539479,39.0073228803413],[-74.7943509636023,39.0074309978132],[-74.7938417070782,39.0078519822758]]}},{"type":"Feature","id":299376,"properties":{"OBJECTID":299376,"PRIMENAME":"East 5th Avenue","ELEVTYP_F":0,"ELEVTYP_T":0},"geometry":{"type":"LineString","coordinates":[[-74.7903022241125,39.0011825627457],[-74.7915767642552,39.0021097281015],[-74.7918059535916,39.0022801109326]]}},{"type":"Feature","id":300218,"properties":{"OBJECTID":300218,"PRIMENAME":"Ocean Avenue","ELEVTYP_F":0,"ELEVTYP_T":0},"geometry":{"type":"LineString","coordinates":[[-74.808874130773,38.9885959789808],[-74.8086816416256,38.9887660716034],[-74.8083179618901,38.9890771485312]]}},{"type":"Feature","id":300413,"properties":{"OBJECTID":300413,"PRIMENAME":"West Chestnut Avenue","ELEVTYP_F":0,"ELEVTYP_T":0},"geometry":{"type":"LineString","coordinates":[[-74.7946446356444,39.009464067186],[-74.7939170055459,39.0089285701348]]}},{"type":"Feature","id":303287,"properties":{"OBJECTID":303287,"PRIMENAME":"East 9th Avenue","ELEVTYP_F":0,"ELEVTYP_T":0},"geometry":{"type":"LineString","coordinates":[[-74.7960489736195,39.0013336685721],[-74.7968584503771,39.0019246569405],[-74.7974927701925,39.0023916736333]]}},{"type":"Feature","id":303819,"properties":{"OBJECTID":303819,"PRIMENAME":"Seabreeze Court","ELEVTYP_F":0,"ELEVTYP_T":0},"geometry":{"type":"LineString","coordinates":[[-74.7960717849751,39.0200673442539],[-74.7950426515262,39.0200838491747]]}},{"type":"Feature","id":303840,"properties":{"OBJECTID":303840,"PRIMENAME":"East Lincoln Avenue","ELEVTYP_F":0,"ELEVTYP_T":0},"geometry":{"type":"LineString","coordinates":[[-74.8133902722311,38.9872232080348],[-74.814044648691,38.9877675420222],[-74.8150308682083,38.9885861918136]]}},{"type":"Feature","id":303936,"properties":{"OBJECTID":303936,"PRIMENAME":"Beach Drive","ELEVTYP_F":0,"ELEVTYP_T":0},"geometry":{"type":"LineString","coordinates":[[-74.7903879109647,38.9992111412841],[-74.7902898847612,38.9992650388278],[-74.789979390638,38.9994057663352],[-74.7896360164706,38.9995693917039],[-74.789551481706,38.9996096908363]]}},{"type":"Feature","id":304658,"properties":{"OBJECTID":304658,"PRIMENAME":"West Juniper Avenue","ELEVTYP_F":0,"ELEVTYP_T":0},"geometry":{"type":"LineString","coordinates":[[-74.8158425346634,38.9978764626042],[-74.8160341426789,38.9980207592899]]}},{"type":"Feature","id":304975,"properties":{"OBJECTID":304975,"PRIMENAME":"West Maple Avenue","ELEVTYP_F":0,"ELEVTYP_T":0},"geometry":{"type":"LineString","coordinates":[[-74.8157459173557,38.9943706480694],[-74.816368288887,38.9948125798238],[-74.8169805056472,38.9952480000378]]}},{"type":"Feature","id":305590,"properties":{"OBJECTID":305590,"PRIMENAME":"West Oak Avenue","ELEVTYP_F":0,"ELEVTYP_T":0},"geometry":{"type":"LineString","coordinates":[[-74.8175348061334,38.99283940977],[-74.8171380057429,38.9925605230109],[-74.8165047784052,38.9921112933875],[-74.8153864019873,38.9913146508842],[-74.8150879436158,38.991103698321]]}},{"type":"Feature","id":306809,"properties":{"OBJECTID":306809,"PRIMENAME":"Illinois Avenue","ELEVTYP_F":0,"ELEVTYP_T":0},"geometry":{"type":"LineString","coordinates":[[-74.7978955134306,39.0204691937459],[-74.7977712300326,39.0205711334413],[-74.7976737771663,39.0206498308253],[-74.797637587619,39.0206739211686],[-74.7976159071654,39.0206830931829],[-74.7976012819065,39.0206871113934],[-74.7975803887593,39.0206907068722],[-74.7975648371377,39.0206924770935],[-74.7975455719094,39.0206896425808],[-74.7975432346636,39.0206888476778]]}},{"type":"Feature","id":306955,"properties":{"OBJECTID":306955,"PRIMENAME":"East 8th Avenue","ELEVTYP_F":0,"ELEVTYP_T":0},"geometry":{"type":"LineString","coordinates":[[-74.7937584811603,39.0006631315905],[-74.7922613808964,38.9995592477755]]}},{"type":"Feature","id":307140,"properties":{"OBJECTID":307140,"PRIMENAME":"East Spencer Avenue","ELEVTYP_F":0,"ELEVTYP_T":0},"geometry":{"type":"LineString","coordinates":[[-74.8170383832119,38.9871238386133],[-74.8175666847415,38.9875643454511],[-74.818563030536,38.9883966399498],[-74.8186697880159,38.9884855331141]]}},{"type":"Feature","id":307233,"properties":{"OBJECTID":307233,"PRIMENAME":"Delaware Avenue","ELEVTYP_F":0,"ELEVTYP_T":0},"geometry":{"type":"LineString","coordinates":[[-74.8131073474803,38.9965776137599],[-74.8129012066102,38.996654500508],[-74.8127899766388,38.9967099072536],[-74.8126825336432,38.9967943007295],[-74.8124529480503,38.9969892382669],[-74.8123880154912,38.9970426270227]]}},{"type":"Feature","id":307280,"properties":{"OBJECTID":307280,"PRIMENAME":"West Juniper Avenue","ELEVTYP_F":0,"ELEVTYP_T":0},"geometry":{"type":"LineString","coordinates":[[-74.8147863687647,38.9971304456081],[-74.8157448428568,38.9978028913824],[-74.8158425346634,38.9978764626042]]}},{"type":"Feature","id":307625,"properties":{"OBJECTID":307625,"PRIMENAME":"East Chestnut Avenue","ELEVTYP_F":0,"ELEVTYP_T":0},"geometry":{"type":"LineString","coordinates":[[-74.7917465281494,39.0073292713678],[-74.7916345620862,39.0072478079881]]}},{"type":"Feature","id":308852,"properties":{"OBJECTID":308852,"PRIMENAME":"East Schellenger Avenue","ELEVTYP_F":0,"ELEVTYP_T":0},"geometry":{"type":"LineString","coordinates":[[-74.8143623547378,38.989072882356],[-74.8139716720933,38.9887456142203],[-74.8128243818643,38.9877962188282],[-74.8127244146153,38.9877134522978]]}},{"type":"Feature","id":309001,"properties":{"OBJECTID":309001,"PRIMENAME":"Surf Avenue","ELEVTYP_F":0,"ELEVTYP_T":0},"geometry":{"type":"LineString","coordinates":[[-74.7983111750538,38.9968823974882],[-74.7987994776196,38.9964734739584],[-74.7989590258765,38.9963418689054]]}},{"type":"Feature","id":309264,"properties":{"OBJECTID":309264,"PRIMENAME":"East 16th Avenue","ELEVTYP_F":0,"ELEVTYP_T":0},"geometry":{"type":"LineString","coordinates":[[-74.8020496256883,38.998608971745],[-74.8013027540214,38.9980618735883],[-74.8006089062493,38.9975523882641]]}},{"type":"Feature","id":309609,"properties":{"OBJECTID":309609,"PRIMENAME":"Park Boulevard","ELEVTYP_F":0,"ELEVTYP_T":0},"geometry":{"type":"LineString","coordinates":[[-74.8151966143546,38.994836481537],[-74.8147277625946,38.9952356188981],[-74.8146453563862,38.9953072057485]]}},{"type":"Feature","id":309845,"properties":{"OBJECTID":309845,"PRIMENAME":"New York Avenue","ELEVTYP_F":0,"ELEVTYP_T":0},"geometry":{"type":"LineString","coordinates":[[-74.8018057382231,39.0035298926774],[-74.8022133952012,39.0031922257049],[-74.8024616755183,39.002987978408]]}},{"type":"Feature","id":310634,"properties":{"OBJECTID":310634,"PRIMENAME":"East 5th Avenue","ELEVTYP_F":0,"ELEVTYP_T":0},"geometry":{"type":"LineString","coordinates":[[-74.7918059535916,39.0022801109326],[-74.7927103671442,39.002952387072],[-74.7934451957764,39.0034926514602]]}},{"type":"Feature","id":310986,"properties":{"OBJECTID":310986,"PRIMENAME":"East 14th Avenue","ELEVTYP_F":0,"ELEVTYP_T":0},"geometry":{"type":"LineString","coordinates":[[-74.7993060702228,38.9986287828927],[-74.7989725864218,38.9983853138877],[-74.7976638151503,38.9974245139111]]}},{"type":"Feature","id":311623,"properties":{"OBJECTID":311623,"PRIMENAME":"East 16th Avenue","ELEVTYP_F":0,"ELEVTYP_T":0},"geometry":{"type":"LineString","coordinates":[[-74.8021661102039,38.9986943404131],[-74.8021093502898,38.9986527504077],[-74.8020496256883,38.998608971745]]}},{"type":"Feature","id":311792,"properties":{"OBJECTID":311792,"PRIMENAME":"Atlantic Avenue","ELEVTYP_F":0,"ELEVTYP_T":0},"geometry":{"type":"LineString","coordinates":[[-74.8080274813102,38.9914708049952],[-74.8074473967552,38.9919116142633]]}},{"type":"Feature","id":311919,"properties":{"OBJECTID":311919,"PRIMENAME":"Atlantic Avenue","ELEVTYP_F":0,"ELEVTYP_T":0},"geometry":{"type":"LineString","coordinates":[[-74.7954027944399,39.0018690144495],[-74.7952088611896,39.0020296976154],[-74.7947518024523,39.0024090362402]]}},{"type":"Feature","id":312391,"properties":{"OBJECTID":312391,"PRIMENAME":"West 23rd Avenue","ELEVTYP_F":0,"ELEVTYP_T":0},"geometry":{"type":"LineString","coordinates":[[-74.8096257497434,38.9970498521027],[-74.8107195401933,38.9978506503472],[-74.8110841204924,38.9981231917039]]}},{"type":"Feature","id":312649,"properties":{"OBJECTID":312649,"PRIMENAME":"Ocean Avenue","ELEVTYP_F":0,"ELEVTYP_T":0},"geometry":{"type":"LineString","coordinates":[[-74.7968136448711,38.995782774085],[-74.7974667990557,38.9952394123818]]}},{"type":"Feature","id":312685,"properties":{"OBJECTID":312685,"PRIMENAME":"Central Avenue","ELEVTYP_F":0,"ELEVTYP_T":0},"geometry":{"type":"LineString","coordinates":[[-74.7956553024051,39.0040890956529],[-74.7949980243319,39.0046364396586]]}},{"type":"Feature","id":312713,"properties":{"OBJECTID":312713,"PRIMENAME":"East Maple Avenue","ELEVTYP_F":0,"ELEVTYP_T":0},"geometry":{"type":"LineString","coordinates":[[-74.8115669518842,38.9913942724048],[-74.8123845942198,38.9919743957391],[-74.8131014647592,38.9924876486433]]}},{"type":"Feature","id":312983,"properties":{"OBJECTID":312983,"PRIMENAME":"West Glenwood Avenue","ELEVTYP_F":0,"ELEVTYP_T":0},"geometry":{"type":"LineString","coordinates":[[-74.818571561671,38.9973394817316],[-74.8184418917381,38.9972367841829],[-74.8183224361168,38.9971347216564],[-74.8182684205673,38.9970885709556],[-74.8180218311916,38.9968813250346]]}},{"type":"Feature","id":313396,"properties":{"OBJECTID":313396,"PRIMENAME":"Surf Avenue","ELEVTYP_F":0,"ELEVTYP_T":0},"geometry":{"type":"LineString","coordinates":[[-74.7944041666514,39.0001269716635],[-74.7950600082726,38.9995815026528]]}},{"type":"Feature","id":314274,"properties":{"OBJECTID":314274,"PRIMENAME":"Pacific Avenue","ELEVTYP_F":0,"ELEVTYP_T":0},"geometry":{"type":"LineString","coordinates":[[-74.8099090531726,38.9928081262321],[-74.8103298969554,38.9924513664457],[-74.8104635186216,38.9923358238182]]}},{"type":"Feature","id":314309,"properties":{"OBJECTID":314309,"PRIMENAME":"Delaware Avenue","ELEVTYP_F":0,"ELEVTYP_T":0},"geometry":{"type":"LineString","coordinates":[[-74.8091321250265,38.9997398011187],[-74.8087161794735,39.0000851752608],[-74.8084806652207,39.0002809998311]]}},{"type":"Feature","id":314991,"properties":{"OBJECTID":314991,"PRIMENAME":"Ocean Avenue","ELEVTYP_F":0,"ELEVTYP_T":0},"geometry":{"type":"LineString","coordinates":[[-74.798115759635,38.994705667214],[-74.7987723261927,38.9941670117389]]}},{"type":"Feature","id":315885,"properties":{"OBJECTID":315885,"PRIMENAME":"East 8th Avenue","ELEVTYP_F":0,"ELEVTYP_T":0},"geometry":{"type":"LineString","coordinates":[[-74.7954027944399,39.0018690144495],[-74.7953087245446,39.0017997825553],[-74.7940010787701,39.0008419877442],[-74.7937584811603,39.0006631315905]]}},{"type":"Feature","id":316083,"properties":{"OBJECTID":316083,"PRIMENAME":"Lake Avenue","ELEVTYP_F":0,"ELEVTYP_T":0},"geometry":{"type":"LineString","coordinates":[[-74.8174874658661,38.9964661851528],[-74.8170668951495,38.9968262642075],[-74.816934682152,38.996941591569]]}},{"type":"Feature","id":316502,"properties":{"OBJECTID":316502,"PRIMENAME":"North Wildwood Boulevard","ELEVTYP_F":0,"ELEVTYP_T":0},"geometry":{"type":"LineString","coordinates":[[-74.7989684021439,39.0194701259901],[-74.7990078322315,39.0196472952512],[-74.7990537002059,39.0198405391495],[-74.7990834565718,39.0199310389215]]}},{"type":"Feature","id":316788,"properties":{"OBJECTID":316788,"PRIMENAME":"West 12th Avenue","ELEVTYP_F":0,"ELEVTYP_T":0},"geometry":{"type":"LineString","coordinates":[[-74.8024616755183,39.002987978408],[-74.8030488134012,39.0034213947985],[-74.8039168215483,39.0040611680106]]}},{"type":"Feature","id":316866,"properties":{"OBJECTID":316866,"PRIMENAME":"East 9th Avenue","ELEVTYP_F":0,"ELEVTYP_T":0},"geometry":{"type":"LineString","coordinates":[[-74.7929072082691,38.9990230145966],[-74.7931689981758,38.9992158282764],[-74.7944041666514,39.0001269716635]]}},{"type":"Feature","id":316926,"properties":{"OBJECTID":316926,"PRIMENAME":"Park Boulevard","ELEVTYP_F":0,"ELEVTYP_T":0},"geometry":{"type":"LineString","coordinates":[[-74.8163074962344,38.9938898405907],[-74.8159772770501,38.9941751766847],[-74.8157459173557,38.9943706480694]]}},{"type":"Feature","id":316995,"properties":{"OBJECTID":316995,"PRIMENAME":"East 8th Avenue","ELEVTYP_F":0,"ELEVTYP_T":0},"geometry":{"type":"LineString","coordinates":[[-74.7969527864949,39.0030086104401],[-74.7969004024393,39.0029701922444],[-74.796844595319,39.0029293107672]]}},{"type":"Feature","id":318131,"properties":{"OBJECTID":318131,"PRIMENAME":"Surf Avenue","ELEVTYP_F":0,"ELEVTYP_T":0},"geometry":{"type":"LineString","coordinates":[[-74.8002662847854,38.9952635169292],[-74.800482387367,38.9950853048779],[-74.8009228196207,38.9947200163672]]}},{"type":"Feature","id":318274,"properties":{"OBJECTID":318274,"PRIMENAME":"East 26th Avenue","ELEVTYP_F":0,"ELEVTYP_T":0},"geometry":{"type":"LineString","coordinates":[[-74.8058288115744,38.9912081949628],[-74.807017878946,38.9920823382848],[-74.8071219066748,38.9921589316402]]}},{"type":"Feature","id":318293,"properties":{"OBJECTID":318293,"PRIMENAME":"East 22nd Avenue","ELEVTYP_F":0,"ELEVTYP_T":0},"geometry":{"type":"LineString","coordinates":[[-74.8059526875389,38.9953735701756],[-74.805821942887,38.995277616029],[-74.8045154814568,38.9943138946228]]}},{"type":"Feature","id":318616,"properties":{"OBJECTID":318616,"PRIMENAME":"West 15th Avenue","ELEVTYP_F":0,"ELEVTYP_T":0},"geometry":{"type":"LineString","coordinates":[[-74.8044163978251,39.00136875614],[-74.804915185855,39.0017312769488],[-74.8058750875728,39.0024402646978]]}},{"type":"Feature","id":319420,"properties":{"OBJECTID":319420,"PRIMENAME":"East Oak Avenue","ELEVTYP_F":0,"ELEVTYP_T":0},"geometry":{"type":"LineString","coordinates":[[-74.8115881411267,38.9886192970874],[-74.8111927860387,38.9883384094848],[-74.8106089664585,38.9879145515624],[-74.8103231519749,38.9877160470819]]}},{"type":"Feature","id":319674,"properties":{"OBJECTID":319674,"PRIMENAME":"East 6th Avenue","ELEVTYP_F":0,"ELEVTYP_T":0},"geometry":{"type":"LineString","coordinates":[[-74.7955446746776,39.0040075226829],[-74.7952068259679,39.0037585625548],[-74.7942515422024,39.0030641378649],[-74.7940982769692,39.0029513408313]]}},{"type":"Feature","id":319781,"properties":{"OBJECTID":319781,"PRIMENAME":"New York Avenue","ELEVTYP_F":0,"ELEVTYP_T":0},"geometry":{"type":"LineString","coordinates":[[-74.8005064660862,39.0046047806683],[-74.8005948719904,39.0045312389597],[-74.801159405419,39.0040651057439]]}},{"type":"Feature","id":319915,"properties":{"OBJECTID":319915,"PRIMENAME":"New Jersey Avenue","ELEVTYP_F":0,"ELEVTYP_T":0},"geometry":{"type":"LineString","coordinates":[[-74.8159992879526,38.9904370699252],[-74.8155274060052,38.9907800662982],[-74.8154781069766,38.9908163728966],[-74.8150879436158,38.991103698321]]}},{"type":"Feature","id":320268,"properties":{"OBJECTID":320268,"PRIMENAME":"West 14th Avenue","ELEVTYP_F":0,"ELEVTYP_T":0},"geometry":{"type":"LineString","coordinates":[[-74.8052279881184,39.0029759690042],[-74.8039317519697,39.0020319302441],[-74.8037655502411,39.0019086908636]]}},{"type":"Feature","id":320681,"properties":{"OBJECTID":320681,"PRIMENAME":"Lincoln Avenue","ELEVTYP_F":0,"ELEVTYP_T":0},"geometry":{"type":"LineString","coordinates":[[-74.816668427217,38.9899482540889],[-74.8167507747532,38.9900150422593],[-74.8172376907672,38.9904099582391]]}},{"type":"Feature","id":320828,"properties":{"OBJECTID":320828,"PRIMENAME":"East 18th Avenue","ELEVTYP_F":0,"ELEVTYP_T":0},"geometry":{"type":"LineString","coordinates":[[-74.803353278774,38.997528013969],[-74.8031470613479,38.9973757986618],[-74.8019127969985,38.9964688638968]]}},{"type":"Feature","id":321241,"properties":{"OBJECTID":321241,"PRIMENAME":"Atlantic Avenue","ELEVTYP_F":0,"ELEVTYP_T":0},"geometry":{"type":"LineString","coordinates":[[-74.8092023889996,38.9905766175701],[-74.8086971593797,38.9909614676163],[-74.8086160447502,38.9910231886887]]}},{"type":"Feature","id":321732,"properties":{"OBJECTID":321732,"PRIMENAME":"East 15th Avenue","ELEVTYP_F":0,"ELEVTYP_T":0},"geometry":{"type":"LineString","coordinates":[[-74.8013988560771,38.9991492779783],[-74.8014562872079,38.9991915251225],[-74.8015135074792,38.999233580899]]}},{"type":"Feature","id":321951,"properties":{"OBJECTID":321951,"PRIMENAME":"Pine Avenue","ELEVTYP_F":0,"ELEVTYP_T":0},"geometry":{"type":"LineString","coordinates":[[-74.7926813615527,39.0110888840308],[-74.7930854338542,39.0113710472745],[-74.793364371326,39.0115718076065]]}},{"type":"Feature","id":322345,"properties":{"OBJECTID":322345,"PRIMENAME":"Atlantic Avenue","ELEVTYP_F":0,"ELEVTYP_T":0},"geometry":{"type":"LineString","coordinates":[[-74.7921465836384,39.0045705753661],[-74.7914952215185,39.0051095365302]]}},{"type":"Feature","id":323134,"properties":{"OBJECTID":323134,"PRIMENAME":"West Pine Avenue","ELEVTYP_F":0,"ELEVTYP_T":0},"geometry":{"type":"LineString","coordinates":[[-74.8152418006354,38.9931249339237],[-74.8151419782022,38.9930532074471],[-74.8140326945477,38.9922600976612],[-74.8137658257017,38.9920714350876]]}},{"type":"Feature","id":323253,"properties":{"OBJECTID":323253,"PRIMENAME":"Delaware Avenue","ELEVTYP_F":0,"ELEVTYP_T":0},"geometry":{"type":"LineString","coordinates":[[-74.7967576070654,39.0099965377129],[-74.7962034958934,39.0104568284571],[-74.7961043803725,39.010539016106]]}},{"type":"Feature","id":323849,"properties":{"OBJECTID":323849,"PRIMENAME":"East 14th Avenue","ELEVTYP_F":0,"ELEVTYP_T":0},"geometry":{"type":"LineString","coordinates":[[-74.8023077485965,39.0008291078678],[-74.8008657325733,38.9997688243357]]}},{"type":"Feature","id":323897,"properties":{"OBJECTID":323897,"PRIMENAME":"New Jersey Avenue","ELEVTYP_F":0,"ELEVTYP_T":0},"geometry":{"type":"LineString","coordinates":[[-74.8186697880159,38.9884855331141],[-74.8181067763364,38.9889003453953],[-74.8180056001558,38.9889737434371]]}},{"type":"Feature","id":324128,"properties":{"OBJECTID":324128,"PRIMENAME":"East 16th Avenue","ELEVTYP_F":0,"ELEVTYP_T":0},"geometry":{"type":"LineString","coordinates":[[-74.7989590258765,38.9963418689054],[-74.79834695883,38.9958930902726],[-74.7974667990557,38.9952394123818]]}},{"type":"Feature","id":324622,"properties":{"OBJECTID":324622,"PRIMENAME":"Ohio Avenue","ELEVTYP_F":0,"ELEVTYP_T":0},"geometry":{"type":"LineString","coordinates":[[-74.797890725066,39.0159139876016],[-74.7973899310939,39.0163395507647],[-74.7972466393091,39.0164562566771]]}},{"type":"Feature","id":324866,"properties":{"OBJECTID":324866,"PRIMENAME":"East Poplar Avenue","ELEVTYP_F":0,"ELEVTYP_T":0},"geometry":{"type":"LineString","coordinates":[[-74.8099090531726,38.9928081262321],[-74.8094352814479,38.9924769999774],[-74.8087794723156,38.9920097484331],[-74.8080274813102,38.9914708049952]]}},{"type":"Feature","id":325445,"properties":{"OBJECTID":325445,"PRIMENAME":"Central Avenue","ELEVTYP_F":0,"ELEVTYP_T":0},"geometry":{"type":"LineString","coordinates":[[-74.8002078847664,39.0003124095275],[-74.7995574968696,39.0008497657762]]}},{"type":"Feature","id":325511,"properties":{"OBJECTID":325511,"PRIMENAME":"East 12th Avenue","ELEVTYP_F":0,"ELEVTYP_T":0},"geometry":{"type":"LineString","coordinates":[[-74.7980038590647,38.9997121636406],[-74.7985948181798,39.000146664129],[-74.7994474010637,39.0007693481995]]}},{"type":"Feature","id":325738,"properties":{"OBJECTID":325738,"PRIMENAME":"New Jersey Avenue","ELEVTYP_F":0,"ELEVTYP_T":0},"geometry":{"type":"LineString","coordinates":[[-74.8023077485965,39.0008291078678],[-74.8019936107476,39.0010937138262],[-74.8016526959171,39.0013759342663]]}},{"type":"Feature","id":325946,"properties":{"OBJECTID":325946,"PRIMENAME":"West Schellenger Avenue","ELEVTYP_F":0,"ELEVTYP_T":0},"geometry":{"type":"LineString","coordinates":[[-74.8194087155682,38.9932306840913],[-74.8192146842669,38.9930937036524],[-74.8183369650483,38.9924230140708],[-74.8182238809499,38.9923292777644]]}},{"type":"Feature","id":326590,"properties":{"OBJECTID":326590,"PRIMENAME":"West 10th Avenue","ELEVTYP_F":0,"ELEVTYP_T":0},"geometry":{"type":"LineString","coordinates":[[-74.8025859979921,39.0051014816285],[-74.8025338636616,39.0050812978829],[-74.8024443575308,39.0050119230303],[-74.8018142111548,39.0045465983523],[-74.801159405419,39.0040651057439]]}},{"type":"Feature","id":326832,"properties":{"OBJECTID":326832,"PRIMENAME":"New Jersey Avenue","ELEVTYP_F":0,"ELEVTYP_T":0},"geometry":{"type":"LineString","coordinates":[[-74.8104666672012,38.9940631118897],[-74.810320749744,38.9941838230174],[-74.810110883561,38.9943576702192]]}},{"type":"Feature","id":327252,"properties":{"OBJECTID":327252,"PRIMENAME":"West Magnolia Avenue","ELEVTYP_F":0,"ELEVTYP_T":0},"geometry":{"type":"LineString","coordinates":[[-74.8116887787184,38.9932030421547],[-74.8120995109004,38.9934934700596],[-74.8130495693249,38.9941655502172]]}},{"type":"Feature","id":327375,"properties":{"OBJECTID":327375,"PRIMENAME":"East 11th Avenue","ELEVTYP_F":0,"ELEVTYP_T":0},"geometry":{"type":"LineString","coordinates":[[-74.8003511480712,39.0024532698967],[-74.8002677328114,39.0023915115649],[-74.7989030999428,39.0013904239899]]}},{"type":"Feature","id":327611,"properties":{"OBJECTID":327611,"PRIMENAME":"Northwest 18th Avenue","ELEVTYP_F":0,"ELEVTYP_T":0},"geometry":{"type":"LineString","coordinates":[[-74.8075042289511,39.0010925827279],[-74.8084370382428,39.001790363676],[-74.808949973076,39.0021719947249]]}},{"type":"Feature","id":327753,"properties":{"OBJECTID":327753,"PRIMENAME":"Anglesea Drive","ELEVTYP_F":0,"ELEVTYP_T":0},"geometry":{"type":"LineString","coordinates":[[-74.7948691715894,39.0167173192359],[-74.7948699288094,39.0167180794499],[-74.7949128504603,39.0167612005439],[-74.7951258548864,39.016919425921],[-74.7954098769037,39.0171257698213],[-74.7956317306102,39.0172874041312],[-74.7958891102009,39.017476570092],[-74.7959481716061,39.017518733686]]}},{"type":"Feature","id":327807,"properties":{"OBJECTID":327807,"PRIMENAME":"Central Avenue","ELEVTYP_F":0,"ELEVTYP_T":0},"geometry":{"type":"LineString","coordinates":[[-74.7949980243319,39.0046364396586],[-74.7943495738614,39.0051763976081]]}},{"type":"Feature","id":327979,"properties":{"OBJECTID":327979,"PRIMENAME":"East 4th Avenue","ELEVTYP_F":0,"ELEVTYP_T":0},"geometry":{"type":"LineString","coordinates":[[-74.7927944229208,39.0040331012885],[-74.7916488890654,39.003186217465],[-74.7911505768771,39.0028224307086]]}},{"type":"Feature","id":328544,"properties":{"OBJECTID":328544,"PRIMENAME":"East 25th Avenue","ELEVTYP_F":0,"ELEVTYP_T":0},"geometry":{"type":"LineString","coordinates":[[-74.8079144317533,38.9937522917823],[-74.8079714744453,38.9937942620209],[-74.808024246042,38.9938330589532]]}},{"type":"Feature","id":328594,"properties":{"OBJECTID":328594,"PRIMENAME":"West 22nd Avenue","ELEVTYP_F":0,"ELEVTYP_T":0},"geometry":{"type":"LineString","coordinates":[[-74.8089719076534,38.9975870512482],[-74.8075112372993,38.9965168756991]]}},{"type":"Feature","id":328933,"properties":{"OBJECTID":328933,"PRIMENAME":"FR RT 147 WB to CO 619","ELEVTYP_F":0,"ELEVTYP_T":0},"geometry":{"type":"LineString","coordinates":[[-74.8035778854254,39.0239640113268],[-74.8044908641628,39.0244415744536],[-74.8051157236336,39.0247535965673],[-74.8053967557775,39.0249053919154],[-74.8054449448359,39.0249541688781],[-74.805482011352,39.0250030028743],[-74.8055265891763,39.0250633211548],[-74.8055601186856,39.0251409405269],[-74.805578848456,39.0252070928872],[-74.8055865753557,39.0252847519112],[-74.8055832514926,39.025371116956],[-74.8055578352656,39.0254609442154],[-74.8055448122323,39.025502193523],[-74.8055256022489,39.0255372530162],[-74.8054967620079,39.0255839804271],[-74.8054625549153,39.0256189143266],[-74.8053376158494,39.025731490239],[-74.8050288767198,39.0260056725824],[-74.8047148119625,39.0263271504855]]}},{"type":"Feature","id":329872,"properties":{"OBJECTID":329872,"PRIMENAME":"Magnolia Avenue","ELEVTYP_F":0,"ELEVTYP_T":0},"geometry":{"type":"LineString","coordinates":[[-74.816934682152,38.996941591569],[-74.8171915698379,38.997127144235]]}},{"type":"Feature","id":330277,"properties":{"OBJECTID":330277,"PRIMENAME":"East 14th Avenue","ELEVTYP_F":0,"ELEVTYP_T":0},"geometry":{"type":"LineString","coordinates":[[-74.8008657325733,38.9997688243357],[-74.8008084784233,38.9997266863543],[-74.8007527057951,38.9996856967291]]}},{"type":"Feature","id":330755,"properties":{"OBJECTID":330755,"PRIMENAME":"Delaware Avenue","ELEVTYP_F":0,"ELEVTYP_T":0},"geometry":{"type":"LineString","coordinates":[[-74.8078313010292,39.0008210632622],[-74.8075791617483,39.001030795935],[-74.8075042289511,39.0010925827279]]}},{"type":"Feature","id":331033,"properties":{"OBJECTID":331033,"PRIMENAME":"New Jersey Avenue","ELEVTYP_F":0,"ELEVTYP_T":0},"geometry":{"type":"LineString","coordinates":[[-74.80490466412,38.9986732670234],[-74.8042546906247,38.9992136420227]]}},{"type":"Feature","id":331058,"properties":{"OBJECTID":331058,"PRIMENAME":"Central Avenue","ELEVTYP_F":0,"ELEVTYP_T":0},"geometry":{"type":"LineString","coordinates":[[-74.8067169966251,38.9949131185441],[-74.8060644063322,38.9954555422323]]}},{"type":"Feature","id":331330,"properties":{"OBJECTID":331330,"PRIMENAME":"West 15th Avenue","ELEVTYP_F":0,"ELEVTYP_T":0},"geometry":{"type":"LineString","coordinates":[[-74.8029532341281,39.0002938903951],[-74.8038582779143,39.0009631129619],[-74.8044163978251,39.00136875614]]}},{"type":"Feature","id":332031,"properties":{"OBJECTID":332031,"PRIMENAME":"West 11th Avenue","ELEVTYP_F":0,"ELEVTYP_T":0},"geometry":{"type":"LineString","coordinates":[[-74.8018057382231,39.0035298926774],[-74.8003511480712,39.0024532698967]]}},{"type":"Feature","id":332498,"properties":{"OBJECTID":332498,"PRIMENAME":"Arctic Avenue","ELEVTYP_F":0,"ELEVTYP_T":0},"geometry":{"type":"LineString","coordinates":[[-74.8183060079439,38.9913091118814],[-74.8189717091807,38.9908242461914]]}},{"type":"Feature","id":333284,"properties":{"OBJECTID":333284,"PRIMENAME":"Hudson Avenue","ELEVTYP_F":0,"ELEVTYP_T":0},"geometry":{"type":"LineString","coordinates":[[-74.8175441524226,38.994765534285],[-74.8181531186257,38.994245570794]]}},{"type":"Feature","id":333650,"properties":{"OBJECTID":333650,"PRIMENAME":"New Jersey Avenue","ELEVTYP_F":0,"ELEVTYP_T":0},"geometry":{"type":"LineString","coordinates":[[-74.79579158228,39.0062316816374],[-74.7952399143826,39.0066900952904],[-74.7951453875075,39.0067746866719]]}},{"type":"Feature","id":334336,"properties":{"OBJECTID":334336,"PRIMENAME":"East 26th Avenue","ELEVTYP_F":0,"ELEVTYP_T":0},"geometry":{"type":"LineString","coordinates":[[-74.8054789902194,38.9909510173377],[-74.8058288115744,38.9912081949628]]}},{"type":"Feature","id":335219,"properties":{"OBJECTID":335219,"PRIMENAME":"East 21st Avenue","ELEVTYP_F":0,"ELEVTYP_T":0},"geometry":{"type":"LineString","coordinates":[[-74.8038658189423,38.9948528112009],[-74.8042287411077,38.9951177445772],[-74.8053016577298,38.9959131576665]]}},{"type":"Feature","id":335370,"properties":{"OBJECTID":335370,"PRIMENAME":"West 19th Avenue","ELEVTYP_F":0,"ELEVTYP_T":0},"geometry":{"type":"LineString","coordinates":[[-74.8099383119927,39.0013549045313],[-74.8106344220041,39.0018642008525],[-74.8111230054327,39.0022216593639],[-74.8113950183703,39.0024196558233],[-74.8122584954645,39.0030481696604]]}},{"type":"Feature","id":336352,"properties":{"OBJECTID":336352,"PRIMENAME":"East 7th Avenue","ELEVTYP_F":0,"ELEVTYP_T":0},"geometry":{"type":"LineString","coordinates":[[-74.7931087825228,39.0012013564616],[-74.7933599526401,39.0013852453349],[-74.7947518024523,39.0024090362402]]}},{"type":"Feature","id":336588,"properties":{"OBJECTID":336588,"PRIMENAME":"East 22nd Avenue","ELEVTYP_F":0,"ELEVTYP_T":0},"geometry":{"type":"LineString","coordinates":[[-74.8045154814568,38.9943138946228],[-74.8043135783216,38.9941649924098],[-74.8028701914319,38.9931051475652]]}},{"type":"Feature","id":336659,"properties":{"OBJECTID":336659,"PRIMENAME":"East 10th Avenue","ELEVTYP_F":0,"ELEVTYP_T":0},"geometry":{"type":"LineString","coordinates":[[-74.7935605003263,38.9984818430145],[-74.7929142868912,38.9980086571875],[-74.7923699502111,38.9976039681924]]}},{"type":"Feature","id":336672,"properties":{"OBJECTID":336672,"PRIMENAME":"Ocean Avenue","ELEVTYP_F":0,"ELEVTYP_T":0},"geometry":{"type":"LineString","coordinates":[[-74.7922613808964,38.9995592477755],[-74.7929072082691,38.9990230145966]]}},{"type":"Feature","id":336742,"properties":{"OBJECTID":336742,"PRIMENAME":"East 8th Avenue","ELEVTYP_F":0,"ELEVTYP_T":0},"geometry":{"type":"LineString","coordinates":[[-74.7983988359384,39.0040723907315],[-74.7979793205575,39.0037614267269],[-74.7969527864949,39.0030086104401]]}},{"type":"Feature","id":337312,"properties":{"OBJECTID":337312,"PRIMENAME":"Pacific Avenue","ELEVTYP_F":0,"ELEVTYP_T":0},"geometry":{"type":"LineString","coordinates":[[-74.8133581991078,38.98987547432],[-74.8130871803926,38.9901080329489],[-74.8127447185522,38.9904005322706]]}},{"type":"Feature","id":337619,"properties":{"OBJECTID":337619,"PRIMENAME":"West Maple Avenue","ELEVTYP_F":0,"ELEVTYP_T":0},"geometry":{"type":"LineString","coordinates":[[-74.8189717746721,38.9968353508885],[-74.8189951749434,38.9968352869146],[-74.8190150856897,38.9968419871485],[-74.8190350085225,38.9968513782239],[-74.8190764773352,38.9968827526943],[-74.8191172048204,38.9969135661379],[-74.8192117524657,38.9969839306683]]}},{"type":"Feature","id":337630,"properties":{"OBJECTID":337630,"PRIMENAME":"West Oak Avenue","ELEVTYP_F":0,"ELEVTYP_T":0},"geometry":{"type":"LineString","coordinates":[[-74.7957757874927,39.0153846738617],[-74.7952477557292,39.0149924794227],[-74.7948589661006,39.0147022946223],[-74.794749753752,39.0146349961339],[-74.7946927021306,39.0146097413934],[-74.7946012678055,39.014568757042]]}},{"type":"Feature","id":339153,"properties":{"OBJECTID":339153,"PRIMENAME":"East 26th Avenue","ELEVTYP_F":0,"ELEVTYP_T":0},"geometry":{"type":"LineString","coordinates":[[-74.8043888973466,38.990149597002],[-74.8054789902194,38.9909510173377]]}},{"type":"Feature","id":339317,"properties":{"OBJECTID":339317,"PRIMENAME":"East 26th Avenue","ELEVTYP_F":0,"ELEVTYP_T":0},"geometry":{"type":"LineString","coordinates":[[-74.8086109614589,38.9932552674768],[-74.8071219066748,38.9921589316402]]}},{"type":"Feature","id":339515,"properties":{"OBJECTID":339515,"PRIMENAME":"Surf Avenue","ELEVTYP_F":0,"ELEVTYP_T":0},"geometry":{"type":"LineString","coordinates":[[-74.7898474075332,39.0039016305845],[-74.7904982773081,39.003362459922]]}},{"type":"Feature","id":339801,"properties":{"OBJECTID":339801,"PRIMENAME":"New Jersey Avenue","ELEVTYP_F":0,"ELEVTYP_T":0},"geometry":{"type":"LineString","coordinates":[[-74.8029532341281,39.0002938903951],[-74.8023652885787,39.0007806599078],[-74.8023077485965,39.0008291078678]]}},{"type":"Feature","id":339841,"properties":{"OBJECTID":339841,"PRIMENAME":"West Chestnut Avenue","ELEVTYP_F":0,"ELEVTYP_T":0},"geometry":{"type":"LineString","coordinates":[[-74.7939170055459,39.0089285701348],[-74.7936360811427,39.0087218027704],[-74.79318832407,39.0083913693959]]}},{"type":"Feature","id":340100,"properties":{"OBJECTID":340100,"PRIMENAME":"Maryland Avenue","ELEVTYP_F":0,"ELEVTYP_T":0},"geometry":{"type":"LineString","coordinates":[[-74.7969163295882,39.0121508418235],[-74.797428993285,39.0117251681851],[-74.7974898072595,39.0116742144669],[-74.7975060099732,39.0116519326886],[-74.7975140203743,39.0116233549614]]}},{"type":"Feature","id":340186,"properties":{"OBJECTID":340186,"PRIMENAME":"Allen Drive","ELEVTYP_F":0,"ELEVTYP_T":0},"geometry":{"type":"LineString","coordinates":[[-74.7970587150435,39.0184095941871],[-74.797077043452,39.0181939464523],[-74.7971060431591,39.0176714520446]]}},{"type":"Feature","id":340410,"properties":{"OBJECTID":340410,"PRIMENAME":"Central Avenue","ELEVTYP_F":0,"ELEVTYP_T":0},"geometry":{"type":"LineString","coordinates":[[-74.7908269256378,39.0080813448019],[-74.7907943054511,39.0081682764011],[-74.7907781772882,39.0082519544137],[-74.7907702850975,39.0083356398235],[-74.7907789016231,39.0084288665538],[-74.7907998584306,39.0085188779774],[-74.7908137669431,39.0085523832939]]}},{"type":"Feature","id":340940,"properties":{"OBJECTID":340940,"PRIMENAME":"Delaware Avenue","ELEVTYP_F":0,"ELEVTYP_T":0},"geometry":{"type":"LineString","coordinates":[[-74.7973343546589,39.0095229502634],[-74.7972796439563,39.0095687534547],[-74.7970242609454,39.0097750390708],[-74.7967576070654,39.0099965377129]]}},{"type":"Feature","id":341144,"properties":{"OBJECTID":341144,"PRIMENAME":"Hudson Avenue","ELEVTYP_F":0,"ELEVTYP_T":0},"geometry":{"type":"LineString","coordinates":[[-74.8169805056472,38.9952480000378],[-74.8173784569364,38.9949069837505],[-74.8175441524226,38.994765534285]]}},{"type":"Feature","id":341356,"properties":{"OBJECTID":341356,"PRIMENAME":"East 15th Avenue","ELEVTYP_F":0,"ELEVTYP_T":0},"geometry":{"type":"LineString","coordinates":[[-74.7999550780549,38.9980937376239],[-74.801020350019,38.9988710308177],[-74.8013988560771,38.9991492779783]]}},{"type":"Feature","id":341595,"properties":{"OBJECTID":341595,"PRIMENAME":"East 23rd Avenue","ELEVTYP_F":0,"ELEVTYP_T":0},"geometry":{"type":"LineString","coordinates":[[-74.8051662136166,38.9937728563653],[-74.8060126890927,38.9943950704201],[-74.8066063356639,38.9948317479035]]}},{"type":"Feature","id":342764,"properties":{"OBJECTID":342764,"PRIMENAME":"East 18th Avenue","ELEVTYP_F":0,"ELEVTYP_T":0},"geometry":{"type":"LineString","coordinates":[[-74.8034686006388,38.9976131366382],[-74.8034124046754,38.9975716565983],[-74.803353278774,38.997528013969]]}},{"type":"Feature","id":343302,"properties":{"OBJECTID":343302,"PRIMENAME":"East Magnolia Avenue","ELEVTYP_F":0,"ELEVTYP_T":0},"geometry":{"type":"LineString","coordinates":[[-74.8061526295871,38.9892755529957],[-74.8067920864891,38.9897302045326],[-74.807211135723,38.9900251314277]]}},{"type":"Feature","id":343691,"properties":{"OBJECTID":343691,"PRIMENAME":"West 18th Avenue","ELEVTYP_F":0,"ELEVTYP_T":0},"geometry":{"type":"LineString","coordinates":[[-74.8078313010292,39.0008210632622],[-74.8064517985204,38.9998084882212],[-74.8063709607121,38.9997492534778]]}},{"type":"Feature","id":345471,"properties":{"OBJECTID":345471,"PRIMENAME":"West 17th Avenue","ELEVTYP_F":0,"ELEVTYP_T":0},"geometry":{"type":"LineString","coordinates":[[-74.8086325058789,39.0024352543732],[-74.8092867861171,39.0029173109957],[-74.8093768365358,39.0029834919241],[-74.8099924007931,39.0034358835989]]}},{"type":"Feature","id":345927,"properties":{"OBJECTID":345927,"PRIMENAME":"East Magnolia Avenue","ELEVTYP_F":0,"ELEVTYP_T":0},"geometry":{"type":"LineString","coordinates":[[-74.8086160447502,38.9910231886887],[-74.8091707783138,38.9914224479319],[-74.8098224972647,38.9918802356034],[-74.8104635186216,38.9923358238182]]}},{"type":"Feature","id":346304,"properties":{"OBJECTID":346304,"PRIMENAME":"New York Avenue","ELEVTYP_F":0,"ELEVTYP_T":0},"geometry":{"type":"LineString","coordinates":[[-74.7966051667156,39.0078442201233],[-74.7968605547009,39.0076319220988],[-74.7972555977332,39.0073048763323]]}},{"type":"Feature","id":347453,"properties":{"OBJECTID":347453,"PRIMENAME":"Unnamed Segment","ELEVTYP_F":0,"ELEVTYP_T":0},"geometry":{"type":"LineString","coordinates":[[-74.8103231519749,38.9877160470819],[-74.8097114024613,38.9882435007989]]}},{"type":"Feature","id":350069,"properties":{"OBJECTID":350069,"PRIMENAME":"Central Avenue","ELEVTYP_F":0,"ELEVTYP_T":0},"geometry":{"type":"LineString","coordinates":[[-74.8000968325388,39.0002302104075],[-74.7994474010637,39.0007693481995]]}},{"type":"Feature","id":350357,"properties":{"OBJECTID":350357,"PRIMENAME":"Central Avenue","ELEVTYP_F":0,"ELEVTYP_T":0},"geometry":{"type":"LineString","coordinates":[[-74.8040017784817,38.9969905304497],[-74.803353278774,38.997528013969]]}},{"type":"Feature","id":351029,"properties":{"OBJECTID":351029,"PRIMENAME":"North Wildwood Boulevard","ELEVTYP_F":0,"ELEVTYP_T":0},"geometry":{"type":"LineString","coordinates":[[-74.8186322222269,39.0310176109234],[-74.8184454749118,39.030934181656],[-74.817707384185,39.0305890126627],[-74.81698853167,39.0302462847699],[-74.8162504317208,39.029896109462],[-74.8154513751097,39.0295161101498],[-74.8147710399596,39.0291932813987],[-74.8141549119079,39.0289001788401],[-74.8133943614334,39.0285375517957],[-74.8130092718537,39.0283537647525],[-74.8122744397166,39.0280010563667],[-74.8116037763198,39.0276856251181],[-74.8108849715891,39.027340361149],[-74.8099415491171,39.0268907721449],[-74.8093543576239,39.0266125862866],[-74.8088280727299,39.0263592233414],[-74.8082473179385,39.0260860118957],[-74.8075446062681,39.0257506797055],[-74.8068450451327,39.0254178060224],[-74.8061694077401,39.0250967827912]]}},{"type":"Feature","id":352941,"properties":{"OBJECTID":352941,"PRIMENAME":"Central Avenue","ELEVTYP_F":0,"ELEVTYP_T":0},"geometry":{"type":"LineString","coordinates":[[-74.8007527057951,38.9996856967291],[-74.8000968325388,39.0002302104075]]}},{"type":"Feature","id":353226,"properties":{"OBJECTID":353226,"PRIMENAME":"Central Avenue","ELEVTYP_F":0,"ELEVTYP_T":0},"geometry":{"type":"LineString","coordinates":[[-74.8027000007866,38.9980694322063],[-74.8024055994466,38.998313421469],[-74.8020496256883,38.998608971745]]}},{"type":"Feature","id":353401,"properties":{"OBJECTID":353401,"PRIMENAME":"Central Avenue","ELEVTYP_F":0,"ELEVTYP_T":0},"geometry":{"type":"LineString","coordinates":[[-74.7961924481489,39.0034702506041],[-74.7955446746776,39.0040075226829]]}},{"type":"Feature","id":354605,"properties":{"OBJECTID":354605,"PRIMENAME":"Central Avenue","ELEVTYP_F":0,"ELEVTYP_T":0},"geometry":{"type":"LineString","coordinates":[[-74.8013988560771,38.9991492779783],[-74.8007527057951,38.9996856967291]]}},{"type":"Feature","id":354861,"properties":{"OBJECTID":354861,"PRIMENAME":"Central Avenue","ELEVTYP_F":0,"ELEVTYP_T":0},"geometry":{"type":"LineString","coordinates":[[-74.8059526875389,38.9953735701756],[-74.8053016577298,38.9959131576665]]}},{"type":"Feature","id":356240,"properties":{"OBJECTID":356240,"PRIMENAME":"Central Avenue","ELEVTYP_F":0,"ELEVTYP_T":0},"geometry":{"type":"LineString","coordinates":[[-74.803353278774,38.997528013969],[-74.8027000007866,38.9980694322063]]}},{"type":"Feature","id":358891,"properties":{"OBJECTID":358891,"PRIMENAME":"West Spruce Avenue","ELEVTYP_F":0,"ELEVTYP_T":0},"geometry":{"type":"LineString","coordinates":[[-74.7990448473308,39.0177306683092],[-74.7990563685359,39.0175327188802],[-74.7990382564532,39.0170432117021]]}},{"type":"Feature","id":364355,"properties":{"OBJECTID":364355,"PRIMENAME":"Central Avenue","ELEVTYP_F":0,"ELEVTYP_T":0},"geometry":{"type":"LineString","coordinates":[[-74.7922868773992,39.0067050818312],[-74.7921337484267,39.0068317734234],[-74.7916345620862,39.0072478079881]]}},{"type":"Feature","id":365005,"properties":{"OBJECTID":365005,"PRIMENAME":"Central Avenue","ELEVTYP_F":0,"ELEVTYP_T":0},"geometry":{"type":"LineString","coordinates":[[-74.7981454941061,39.0018500934762],[-74.7979127474871,39.0020433086591],[-74.7974927701925,39.0023916736333]]}},{"type":"Feature","id":367967,"properties":{"OBJECTID":367967,"PRIMENAME":"Central Avenue","ELEVTYP_F":0,"ELEVTYP_T":0},"geometry":{"type":"LineString","coordinates":[[-74.8072595979962,38.9942921751082],[-74.8068310421065,38.9946455108343],[-74.8066063356639,38.9948317479035]]}},{"type":"Feature","id":372530,"properties":{"OBJECTID":372530,"PRIMENAME":"Beach Creek Bridge","ELEVTYP_F":0,"ELEVTYP_T":0},"geometry":{"type":"LineString","coordinates":[[-74.799376674333,39.0203971132808],[-74.7993434701527,39.0203194641954],[-74.7992723178651,39.0201572856843],[-74.7992009596056,39.0199376652242],[-74.7991915530466,39.0199054736993]]}},{"type":"Feature","id":373387,"properties":{"OBJECTID":373387,"PRIMENAME":"Central Avenue","ELEVTYP_F":0,"ELEVTYP_T":0},"geometry":{"type":"LineString","coordinates":[[-74.7916345620862,39.0072478079881],[-74.7911141868666,39.0076814934071],[-74.790989145934,39.007801771324]]}},{"type":"Feature","id":375336,"properties":{"OBJECTID":375336,"PRIMENAME":"Central Avenue","ELEVTYP_F":0,"ELEVTYP_T":0},"geometry":{"type":"LineString","coordinates":[[-74.8079144317533,38.9937522917823],[-74.8072595979962,38.9942921751082]]}},{"type":"Feature","id":379370,"properties":{"OBJECTID":379370,"PRIMENAME":"Central Avenue","ELEVTYP_F":0,"ELEVTYP_T":0},"geometry":{"type":"LineString","coordinates":[[-74.7987949097735,39.0013110170963],[-74.7981454941061,39.0018500934762]]}},{"type":"Feature","id":380933,"properties":{"OBJECTID":380933,"PRIMENAME":"Beach Creek Bridge","ELEVTYP_F":0,"ELEVTYP_T":0},"geometry":{"type":"LineString","coordinates":[[-74.8061694077401,39.0250967827912],[-74.8061241154997,39.0250752639254],[-74.8058151182527,39.0249284596404],[-74.8048268170323,39.0244564855195],[-74.8040086416938,39.0240714592882],[-74.8033797012366,39.02376589376],[-74.8027733350996,39.0234777293856],[-74.8021476645739,39.023177118723],[-74.8019133943607,39.0230503464621],[-74.8017689233418,39.0229657926608],[-74.8016629874329,39.0229035983611],[-74.8015024737435,39.0228041206348],[-74.8012808772442,39.0226523551245],[-74.8010881976804,39.0225129797491],[-74.8008825653031,39.0223486512217],[-74.8006865115696,39.0221768006842],[-74.8005065071172,39.0220124333484],[-74.8004338889725,39.0219374310498]]}},{"type":"Feature","id":381723,"properties":{"OBJECTID":381723,"PRIMENAME":"Central Avenue","ELEVTYP_F":0,"ELEVTYP_T":0},"geometry":{"type":"LineString","coordinates":[[-74.792935266933,39.0061686498643],[-74.7922868773992,39.0067050818312]]}},{"type":"Feature","id":381836,"properties":{"OBJECTID":381836,"PRIMENAME":"Central Avenue","ELEVTYP_F":0,"ELEVTYP_T":0},"geometry":{"type":"LineString","coordinates":[[-74.7974927701925,39.0023916736333],[-74.796844595319,39.0029293107672]]}},{"type":"Feature","id":382174,"properties":{"OBJECTID":382174,"PRIMENAME":"Central Avenue","ELEVTYP_F":0,"ELEVTYP_T":0},"geometry":{"type":"LineString","coordinates":[[-74.790989145934,39.007801771324],[-74.7909686176878,39.0078209993312],[-74.790948897342,39.0078407353624],[-74.7909300055365,39.0078609587622],[-74.7909119620438,39.0078816483651],[-74.7908947857487,39.0079027825176],[-74.7908784946284,39.007924339101],[-74.7908631057339,39.0079462955545],[-74.7908486351719,39.0079686288986],[-74.7908269256378,39.0080813448019]]}},{"type":"Feature","id":382736,"properties":{"OBJECTID":382736,"PRIMENAME":"West Spruce Avenue","ELEVTYP_F":0,"ELEVTYP_T":0},"geometry":{"type":"LineString","coordinates":[[-74.7991915530466,39.0199054736993],[-74.7991294954693,39.0196930857582],[-74.7990903013056,39.0195133349714],[-74.7990477882693,39.0193061335605],[-74.7990245609241,39.019106379651],[-74.7990009717966,39.0188291941326],[-74.7989968216473,39.0186044032466],[-74.7989991940176,39.0184070826786],[-74.7990206683167,39.0181821990727],[-74.7990324800635,39.0179449020462],[-74.7990448473308,39.0177306683092]]}},{"type":"Feature","id":382827,"properties":{"OBJECTID":382827,"PRIMENAME":"Central Avenue","ELEVTYP_F":0,"ELEVTYP_T":0},"geometry":{"type":"LineString","coordinates":[[-74.7935892929881,39.005627558832],[-74.792935266933,39.0061686498643]]}},{"type":"Feature","id":384005,"properties":{"OBJECTID":384005,"PRIMENAME":"Central Avenue","ELEVTYP_F":0,"ELEVTYP_T":0},"geometry":{"type":"LineString","coordinates":[[-74.8066063356639,38.9948317479035],[-74.8059526875389,38.9953735701756]]}},{"type":"Feature","id":385475,"properties":{"OBJECTID":385475,"PRIMENAME":"Central Avenue","ELEVTYP_F":0,"ELEVTYP_T":0},"geometry":{"type":"LineString","coordinates":[[-74.7942354882339,39.0050929376228],[-74.7935892929881,39.005627558832]]}},{"type":"Feature","id":394444,"properties":{"OBJECTID":394444,"PRIMENAME":"Central Avenue","ELEVTYP_F":0,"ELEVTYP_T":0},"geometry":{"type":"LineString","coordinates":[[-74.8046539494741,38.9964499869841],[-74.8040017784817,38.9969905304497]]}},{"type":"Feature","id":396599,"properties":{"OBJECTID":396599,"PRIMENAME":"Beach Creek Bridge","ELEVTYP_F":0,"ELEVTYP_T":0},"geometry":{"type":"LineString","coordinates":[[-74.7999466549275,39.0213719819983],[-74.7998629129441,39.0212547585181],[-74.7997791609172,39.0211350909685],[-74.7996727960919,39.020970505125],[-74.7995534527499,39.0207660002778],[-74.7994469562788,39.0205614623244],[-74.799376674333,39.0203971132808]]}},{"type":"Feature","id":397467,"properties":{"OBJECTID":397467,"PRIMENAME":"Central Avenue","ELEVTYP_F":0,"ELEVTYP_T":0},"geometry":{"type":"LineString","coordinates":[[-74.796844595319,39.0029293107672],[-74.7961924481489,39.0034702506041]]}},{"type":"Feature","id":398165,"properties":{"OBJECTID":398165,"PRIMENAME":"Central Avenue","ELEVTYP_F":0,"ELEVTYP_T":0},"geometry":{"type":"LineString","coordinates":[[-74.8053016577298,38.9959131576665],[-74.8046539494741,38.9964499869841]]}},{"type":"Feature","id":398532,"properties":{"OBJECTID":398532,"PRIMENAME":"Central Avenue","ELEVTYP_F":0,"ELEVTYP_T":0},"geometry":{"type":"LineString","coordinates":[[-74.8086109614589,38.9932552674768],[-74.8083021662897,38.9934325855535],[-74.8079144317533,38.9937522917823]]}},{"type":"Feature","id":398627,"properties":{"OBJECTID":398627,"PRIMENAME":"Beach Creek Bridge","ELEVTYP_F":0,"ELEVTYP_T":0},"geometry":{"type":"LineString","coordinates":[[-74.8004338889725,39.0219374310498],[-74.8003810685014,39.0218828785898],[-74.8002749135812,39.0217682391372],[-74.8001494705143,39.0216286890971],[-74.8000400284719,39.0214940957338],[-74.7999466549275,39.0213719819983]]}},{"type":"Feature","id":399022,"properties":{"OBJECTID":399022,"PRIMENAME":"Central Avenue","ELEVTYP_F":0,"ELEVTYP_T":0},"geometry":{"type":"LineString","coordinates":[[-74.7994474010637,39.0007693481995],[-74.7987949097735,39.0013110170963]]}},{"type":"Feature","id":399900,"properties":{"OBJECTID":399900,"PRIMENAME":"Central Avenue","ELEVTYP_F":0,"ELEVTYP_T":0},"geometry":{"type":"LineString","coordinates":[[-74.8020496256883,38.998608971745],[-74.8013988560771,38.9991492779783]]}},{"type":"Feature","id":400521,"properties":{"OBJECTID":400521,"PRIMENAME":"Central Avenue","ELEVTYP_F":0,"ELEVTYP_T":0},"geometry":{"type":"LineString","coordinates":[[-74.794886019512,39.004553853381],[-74.7944699049897,39.0048989571989],[-74.7942354882339,39.0050929376228]]}},{"type":"Feature","id":401918,"properties":{"OBJECTID":401918,"PRIMENAME":"Central Avenue","ELEVTYP_F":0,"ELEVTYP_T":0},"geometry":{"type":"LineString","coordinates":[[-74.7955446746776,39.0040075226829],[-74.794886019512,39.004553853381]]}},{"type":"Feature","id":402120,"properties":{"OBJECTID":402120,"PRIMENAME":"Pine Avenue","ELEVTYP_F":0,"ELEVTYP_T":0},"geometry":{"type":"LineString","coordinates":[[-74.7912689919772,39.0100135542506],[-74.7912690441223,39.0100262679795],[-74.7912936160567,39.010070661445],[-74.7913193055528,39.0100927747095],[-74.7913671492545,39.0101339615352],[-74.7919467094245,39.0105579517185],[-74.7921311302728,39.0106912319632],[-74.7926813615527,39.0110888840308]]}},{"type":"Feature","id":402144,"properties":{"OBJECTID":402144,"PRIMENAME":"Olde New Jersey Avenue","ELEVTYP_F":0,"ELEVTYP_T":0},"geometry":{"type":"LineString","coordinates":[[-74.7918779359292,39.0094695110071],[-74.7913296266826,39.0099181772838],[-74.7912890860488,39.009953205815],[-74.7912688749661,39.0099850251584],[-74.7912689919772,39.0100135542506]]}},{"type":"Feature","id":402215,"properties":{"OBJECTID":402215,"PRIMENAME":"West Spruce Avenue","ELEVTYP_F":0,"ELEVTYP_T":0},"geometry":{"type":"LineString","coordinates":[[-74.7933435759416,39.0105421465457],[-74.7935173323454,39.0106703516338],[-74.7935804978678,39.0107274604588],[-74.7935918363792,39.0107377116551],[-74.7936415894149,39.0108115858967],[-74.7937288146028,39.0109593120827],[-74.7938518635839,39.0111912172443]]}},{"type":"Feature","id":402237,"properties":{"OBJECTID":402237,"PRIMENAME":"West Spruce Avenue","ELEVTYP_F":0,"ELEVTYP_T":0},"geometry":{"type":"LineString","coordinates":[[-74.79480556733,39.0116149915445],[-74.7946577579789,39.0115068769392],[-74.7945646347031,39.0114396745278],[-74.7945450518605,39.0114244949107],[-74.7944618529642,39.0113600032751],[-74.7944367165701,39.0113390748468],[-74.7943751154372,39.011287786614],[-74.7942979758186,39.0112130755144],[-74.794252910081,39.0111582177296],[-74.7941788495519,39.0110535136136],[-74.7941240567397,39.0109612269938],[-74.794085230746,39.0108664011097],[-74.7940528364653,39.0107690888383],[-74.7940267192848,39.0106492437058],[-74.7939937827449,39.010429550756],[-74.7939577204684,39.0102198327954],[-74.7939362784993,39.0100733959326]]}},{"type":"Feature","id":402239,"properties":{"OBJECTID":402239,"PRIMENAME":"East 1st Avenue","ELEVTYP_F":0,"ELEVTYP_T":0},"geometry":{"type":"LineString","coordinates":[[-74.7922868773992,39.0067050818312],[-74.7923444495735,39.0067471961206],[-74.7924011061319,39.0067890099864]]}},{"type":"Feature","id":402251,"properties":{"OBJECTID":402251,"PRIMENAME":"East 2nd Avenue","ELEVTYP_F":0,"ELEVTYP_T":0},"geometry":{"type":"LineString","coordinates":[[-74.7869177500366,39.001652372067],[-74.7869105573093,39.0016838019436],[-74.7869143440928,39.0017152327468],[-74.7869364643872,39.0017551577426],[-74.7869915551461,39.0018035409174],[-74.7870544954689,39.0018493210788],[-74.7874063645621,39.0021052484927],[-74.7878322368866,39.002418377247],[-74.7883446269848,39.0027960095151]]}},{"type":"Feature","id":405924,"properties":{"OBJECTID":405924,"PRIMENAME":"East Cedar Avenue","ELEVTYP_F":0,"ELEVTYP_T":0},"geometry":{"type":"LineString","coordinates":[[-74.8144461903824,38.9897224760237],[-74.8139644336862,38.9893688570843]]}},{"type":"Feature","id":415077,"properties":{"OBJECTID":415077,"PRIMENAME":"FR RT 147 EB to CO 619","ELEVTYP_F":0,"ELEVTYP_T":0},"geometry":{"type":"LineString","coordinates":[[-74.8061694077401,39.0250967827912],[-74.8059022440848,39.0249126895822],[-74.8058207977438,39.0248495844552],[-74.8057578691543,39.0247950528572],[-74.8057096675706,39.0247433924057],[-74.8056725281062,39.0246859374499],[-74.8056501759854,39.0246370658594]]}},{"type":"Feature","id":431935,"properties":{"OBJECTID":431935,"PRIMENAME":"East 25th Avenue","ELEVTYP_F":0,"ELEVTYP_T":0},"geometry":{"type":"LineString","coordinates":[[-74.8032699299149,38.9903299214941],[-74.8032874308991,38.9903429214232],[-74.803506505839,38.9905056550744]]}},{"type":"Feature","id":431938,"properties":{"OBJECTID":431938,"PRIMENAME":"Boardwalk","ELEVTYP_F":0,"ELEVTYP_T":0},"geometry":{"type":"LineString","coordinates":[[-74.7976471173301,38.993328095948],[-74.7979724053754,38.9930578605075],[-74.7983514264325,38.9928421484986]]}},{"type":"Feature","id":431939,"properties":{"OBJECTID":431939,"PRIMENAME":"Boardwalk","ELEVTYP_F":0,"ELEVTYP_T":0},"geometry":{"type":"LineString","coordinates":[[-74.799909315094,38.9919478900424],[-74.799955051998,38.9919221473929],[-74.8007038501288,38.991511180847]]}},{"type":"Feature","id":431947,"properties":{"OBJECTID":431947,"PRIMENAME":"Boardwalk","ELEVTYP_F":0,"ELEVTYP_T":0},"geometry":{"type":"LineString","coordinates":[[-74.8007038501288,38.991511180847],[-74.8013158902855,38.991175265087],[-74.8015039537218,38.9910759499705]]}},{"type":"Feature","id":431948,"properties":{"OBJECTID":431948,"PRIMENAME":"Boardwalk","ELEVTYP_F":0,"ELEVTYP_T":0},"geometry":{"type":"LineString","coordinates":[[-74.8023403492211,38.9906640375256],[-74.8024385546495,38.9906232773181],[-74.8025374870462,38.9905836023422],[-74.8026371267219,38.9905450204934],[-74.802737453847,38.9905075394495],[-74.802838448455,38.9904711666695],[-74.8029400904467,38.9904359093915],[-74.8030423595943,38.9904017746318],[-74.803145235545,38.9903687691834],[-74.8032699299149,38.9903299214941]]}},{"type":"Feature","id":431950,"properties":{"OBJECTID":431950,"PRIMENAME":"East 15th Avenue","ELEVTYP_F":0,"ELEVTYP_T":0},"geometry":{"type":"LineString","coordinates":[[-74.7953851650998,38.9947093445072],[-74.7955698236841,38.9948498854906]]}},{"type":"Feature","id":431951,"properties":{"OBJECTID":431951,"PRIMENAME":"East 16th Avenue","ELEVTYP_F":0,"ELEVTYP_T":0},"geometry":{"type":"LineString","coordinates":[[-74.7965954318467,38.9945980337278],[-74.7963075278115,38.9943896963357]]}},{"type":"Feature","id":431952,"properties":{"OBJECTID":431952,"PRIMENAME":"Boardwalk","ELEVTYP_F":0,"ELEVTYP_T":0},"geometry":{"type":"LineString","coordinates":[[-74.7955698236841,38.9948498854906],[-74.7956425692999,38.9947964322114],[-74.7963075278115,38.9943896963357]]}},{"type":"Feature","id":431953,"properties":{"OBJECTID":431953,"PRIMENAME":"Boardwalk","ELEVTYP_F":0,"ELEVTYP_T":0},"geometry":{"type":"LineString","coordinates":[[-74.7963075278115,38.9943896963357],[-74.7963404643524,38.9943695495493],[-74.7964458329812,38.9943267710229],[-74.7969939526143,38.9938710552527]]}},{"type":"Feature","id":431954,"properties":{"OBJECTID":431954,"PRIMENAME":"East 17th Avenue","ELEVTYP_F":0,"ELEVTYP_T":0},"geometry":{"type":"LineString","coordinates":[[-74.7969939526143,38.9938710552527],[-74.7971425353501,38.9939816012363]]}},{"type":"Feature","id":431955,"properties":{"OBJECTID":431955,"PRIMENAME":"East 18th Avenue","ELEVTYP_F":0,"ELEVTYP_T":0},"geometry":{"type":"LineString","coordinates":[[-74.7977342586055,38.9933934168832],[-74.7976471173301,38.993328095948]]}},{"type":"Feature","id":431956,"properties":{"OBJECTID":431956,"PRIMENAME":"Boardwalk","ELEVTYP_F":0,"ELEVTYP_T":0},"geometry":{"type":"LineString","coordinates":[[-74.7969939526143,38.9938710552527],[-74.7974977697079,38.9934521663615],[-74.7976471173301,38.993328095948]]}},{"type":"Feature","id":431957,"properties":{"OBJECTID":431957,"PRIMENAME":"East 19th Avenue","ELEVTYP_F":0,"ELEVTYP_T":0},"geometry":{"type":"LineString","coordinates":[[-74.7983514264325,38.9928421484986],[-74.7984597787412,38.9929215852508]]}},{"type":"Feature","id":431958,"properties":{"OBJECTID":431958,"PRIMENAME":"East 20th Avenue","ELEVTYP_F":0,"ELEVTYP_T":0},"geometry":{"type":"LineString","coordinates":[[-74.7991973875555,38.992440272524],[-74.7991368535477,38.9923947764417]]}},{"type":"Feature","id":431959,"properties":{"OBJECTID":431959,"PRIMENAME":"East 21st Avenue","ELEVTYP_F":0,"ELEVTYP_T":0},"geometry":{"type":"LineString","coordinates":[[-74.799909315094,38.9919478900424],[-74.7999755737972,38.9919966888926]]}},{"type":"Feature","id":431960,"properties":{"OBJECTID":431960,"PRIMENAME":"Boardwalk","ELEVTYP_F":0,"ELEVTYP_T":0},"geometry":{"type":"LineString","coordinates":[[-74.7983514264325,38.9928421484986],[-74.7991092808224,38.9924108221506],[-74.7991368535477,38.9923947764417]]}},{"type":"Feature","id":431961,"properties":{"OBJECTID":431961,"PRIMENAME":"Boardwalk","ELEVTYP_F":0,"ELEVTYP_T":0},"geometry":{"type":"LineString","coordinates":[[-74.7991368535477,38.9923947764417],[-74.799770961759,38.9920257595311],[-74.799909315094,38.9919478900424]]}},{"type":"Feature","id":431962,"properties":{"OBJECTID":431962,"PRIMENAME":"East 22nd Avenue","ELEVTYP_F":0,"ELEVTYP_T":0},"geometry":{"type":"LineString","coordinates":[[-74.8009686431371,38.9917070811293],[-74.8007038501288,38.991511180847]]}},{"type":"Feature","id":431963,"properties":{"OBJECTID":431963,"PRIMENAME":"East 23rd Avenue","ELEVTYP_F":0,"ELEVTYP_T":0},"geometry":{"type":"LineString","coordinates":[[-74.8015039537218,38.9910759499705],[-74.8016167827746,38.991159315329]]}},{"type":"Feature","id":431964,"properties":{"OBJECTID":431964,"PRIMENAME":"East 24th Avenue","ELEVTYP_F":0,"ELEVTYP_T":0},"geometry":{"type":"LineString","coordinates":[[-74.8024373891172,38.9907361984182],[-74.8023403492211,38.9906640375256]]}},{"type":"Feature","id":431965,"properties":{"OBJECTID":431965,"PRIMENAME":"Boardwalk","ELEVTYP_F":0,"ELEVTYP_T":0},"geometry":{"type":"LineString","coordinates":[[-74.8032699299149,38.9903299214941],[-74.8040968939176,38.9900720291217],[-74.8042903455371,38.9900775020275]]}},{"type":"Feature","id":431966,"properties":{"OBJECTID":431966,"PRIMENAME":"East Juniper Avenue","ELEVTYP_F":0,"ELEVTYP_T":0},"geometry":{"type":"LineString","coordinates":[[-74.8046344803706,38.9899213887393],[-74.8048689338619,38.9900838301513]]}},{"type":"Feature","id":431967,"properties":{"OBJECTID":431967,"PRIMENAME":"East Poplar Avenue","ELEVTYP_F":0,"ELEVTYP_T":0},"geometry":{"type":"LineString","coordinates":[[-74.8054762299739,38.9896702828422],[-74.8053426868762,38.9895797009242]]}},{"type":"Feature","id":431968,"properties":{"OBJECTID":431968,"PRIMENAME":"East Magnolia Avenue","ELEVTYP_F":0,"ELEVTYP_T":0},"geometry":{"type":"LineString","coordinates":[[-74.806080041809,38.989223942818],[-74.8061526295871,38.9892755529957]]}},{"type":"Feature","id":431969,"properties":{"OBJECTID":431969,"PRIMENAME":"East Glenwood Avenue","ELEVTYP_F":0,"ELEVTYP_T":0},"geometry":{"type":"LineString","coordinates":[[-74.8069822431071,38.989002167165],[-74.8068043864696,38.9888739050114]]}},{"type":"Feature","id":431970,"properties":{"OBJECTID":431970,"PRIMENAME":"East Maple Avenue","ELEVTYP_F":0,"ELEVTYP_T":0},"geometry":{"type":"LineString","coordinates":[[-74.807503893369,38.9885304666312],[-74.807643007532,38.988623888945]]}},{"type":"Feature","id":431971,"properties":{"OBJECTID":431971,"PRIMENAME":"East Pine Avenue","ELEVTYP_F":0,"ELEVTYP_T":0},"geometry":{"type":"LineString","coordinates":[[-74.8083898450396,38.988242470623],[-74.8082632272811,38.9881493513026]]}},{"type":"Feature","id":431972,"properties":{"OBJECTID":431972,"PRIMENAME":"East Wildwood Avenue","ELEVTYP_F":0,"ELEVTYP_T":0},"geometry":{"type":"LineString","coordinates":[[-74.8090285913817,38.9877627089639],[-74.8091214012791,38.9878279722064]]}},{"type":"Feature","id":431974,"properties":{"OBJECTID":431974,"PRIMENAME":"Boardwalk","ELEVTYP_F":0,"ELEVTYP_T":0},"geometry":{"type":"LineString","coordinates":[[-74.8042903455371,38.9900775020275],[-74.8046344803706,38.9899213887393]]}},{"type":"Feature","id":431975,"properties":{"OBJECTID":431975,"PRIMENAME":"Boardwalk","ELEVTYP_F":0,"ELEVTYP_T":0},"geometry":{"type":"LineString","coordinates":[[-74.8046344803706,38.9899213887393],[-74.8053426868762,38.9895797009242]]}},{"type":"Feature","id":431976,"properties":{"OBJECTID":431976,"PRIMENAME":"Boardwalk","ELEVTYP_F":0,"ELEVTYP_T":0},"geometry":{"type":"LineString","coordinates":[[-74.8053426868762,38.9895797009242],[-74.806080041809,38.989223942818]]}},{"type":"Feature","id":431977,"properties":{"OBJECTID":431977,"PRIMENAME":"Boardwalk","ELEVTYP_F":0,"ELEVTYP_T":0},"geometry":{"type":"LineString","coordinates":[[-74.806080041809,38.989223942818],[-74.8067396166487,38.9889057046505],[-74.8068043864696,38.9888739050114]]}},{"type":"Feature","id":431978,"properties":{"OBJECTID":431978,"PRIMENAME":"Boardwalk","ELEVTYP_F":0,"ELEVTYP_T":0},"geometry":{"type":"LineString","coordinates":[[-74.8068043864696,38.9888739050114],[-74.807503893369,38.9885304666312]]}},{"type":"Feature","id":431979,"properties":{"OBJECTID":431979,"PRIMENAME":"Boardwalk","ELEVTYP_F":0,"ELEVTYP_T":0},"geometry":{"type":"LineString","coordinates":[[-74.807503893369,38.9885304666312],[-74.8077796899139,38.9883950557255],[-74.8082632272811,38.9881493513026]]}},{"type":"Feature","id":431980,"properties":{"OBJECTID":431980,"PRIMENAME":"Boardwalk","ELEVTYP_F":0,"ELEVTYP_T":0},"geometry":{"type":"LineString","coordinates":[[-74.8082632272811,38.9881493513026],[-74.8089191904188,38.9878160253463],[-74.8090285913817,38.9877627089639]]}},{"type":"Feature","id":431981,"properties":{"OBJECTID":431981,"PRIMENAME":"Boardwalk","ELEVTYP_F":0,"ELEVTYP_T":0},"geometry":{"type":"LineString","coordinates":[[-74.8090285913817,38.9877627089639],[-74.8098287932992,38.987372727782]]}},{"type":"Feature","id":431985,"properties":{"OBJECTID":431985,"PRIMENAME":"Boardwalk","ELEVTYP_F":0,"ELEVTYP_T":0},"geometry":{"type":"LineString","coordinates":[[-74.8015039537218,38.9910759499705],[-74.8019528197006,38.9908389042367],[-74.8020484995392,38.9907935819176],[-74.8021449940622,38.9907493241168],[-74.8022422838246,38.9907061397523],[-74.8023403492211,38.9906640375256]]}},{"type":"Feature","id":431986,"properties":{"OBJECTID":431986,"PRIMENAME":"East Ceder Avenue","ELEVTYP_F":0,"ELEVTYP_T":0},"geometry":{"type":"LineString","coordinates":[[-74.8119543386034,38.9879160154488],[-74.8105323887947,38.9869171567309]]}},{"type":"Feature","id":434924,"properties":{"OBJECTID":434924,"PRIMENAME":"Boardwalk","ELEVTYP_F":0,"ELEVTYP_T":0},"geometry":{"type":"LineString","coordinates":[[-74.7888125149824,38.9999514937292],[-74.7887488539681,38.9998856225316],[-74.7887503709711,38.9998353470097],[-74.7887893777974,38.9998075128912],[-74.7888672061531,38.9997786980028],[-74.7889495909338,38.9997427162223],[-74.7893065226948,38.9995700992737],[-74.7895581577295,38.9994370968068],[-74.789745807463,38.9993543425078],[-74.7898464582646,38.9993004253883],[-74.7899241250279,38.9992322550841],[-74.7900200877301,38.9991533054652],[-74.7901985223877,38.9990598395557],[-74.7902945284112,38.9989916233875],[-74.7903539580709,38.9989485421669],[-74.790436458142,38.9989411812746],[-74.790491448427,38.9989338888194],[-74.7905737863452,38.9988871722199],[-74.7908068143322,38.9986898142752],[-74.7911174764355,38.9984171283778],[-74.7914877247325,38.9981407154687],[-74.7919857148622,38.9977101377182],[-74.7925431983595,38.9972543637605],[-74.7927578761628,38.997057046985],[-74.7932468733474,38.9966729970417],[-74.793839827867,38.9961906891285],[-74.7942566344407,38.9958262870597],[-74.7943386102144,38.9957794470833],[-74.794458102569,38.9957733169965],[-74.7948377242697,38.9954498103918],[-74.7949518810058,38.9953581986108],[-74.7955698236841,38.9948498854906]]}}]}
